Date,Predictions,RSI,MCAD,EMA50,EMA200,EMA26,EMA13,Action
2019-08-30,114.077,,0,114.077,114.077,114.077,114.077,Sell
2019-09-03,115.21,,0.090381766,114.1214314,114.0882736,114.1609259,114.2388571,Buy
2019-09-04,114.033,,0.066271962,114.1179635,114.0877236,114.1514499,114.209449,Buy
2019-09-05,109.446,,-0.319287252,113.9347492,114.0415373,113.8028981,113.5289563,Sell
2019-09-06,120.325,,0.250115498,114.1853473,114.1040594,114.2860167,114.4998197,Buy
2019-09-09,120.952,,0.743395539,114.4507062,114.1721981,114.7797933,115.4215597,Buy
2019-09-11,120.763,,1.106319838,114.6982472,114.2377782,115.2229938,116.1846226,Buy
2019-09-12,134.354,,2.46223694,115.469061,114.4379396,116.6401054,118.7802479,Buy
2019-09-13,128.548,,3.033348779,115.9819606,114.5783382,117.5221716,120.1756411,Buy
2019-09-16,129.026,,3.484364051,116.4934915,114.722096,118.3743071,121.4399781,Buy
2019-09-17,128.304,,3.740420301,116.9566487,114.8572394,119.1098399,122.4205526,Buy
2019-09-18,121.236,,3.334579239,117.1244664,114.9207096,119.2673332,122.2513308,Buy
2019-09-19,121.146,,2.971432206,117.2821736,114.9826528,119.4064937,122.0934264,Buy
2019-09-20,124.917,,2.953873336,117.5815786,115.081502,119.8146794,122.4967941,Buy
2019-09-23,135.565,69.32691546,3.755867119,118.2868108,115.2853179,120.9813698,124.3636806,Buy
2019-09-24,128.534,58.5467391,3.780530428,118.6886613,115.4171456,121.5408239,124.9594406,Buy
2019-09-25,130.644,60.53026658,3.925089655,119.1574981,115.5686566,122.2151332,125.7715205,Buy
2019-09-26,124.096,52.18506802,3.471270363,119.3511649,115.6535058,122.3544567,125.5321604,Buy
2019-09-27,124.259,52.36113952,3.08915815,119.543629,115.7391326,122.495534,125.3502803,Buy
2019-09-30,120.615,48.09711222,2.463888945,119.5856436,115.7876487,122.3562352,124.6738117,Buy
2019-10-01,121.238,48.86382637,1.995625164,119.6504418,115.841881,122.2734029,124.1829815,Buy
2019-10-03,114.411,41.61001345,1.061405675,119.4449735,115.8276434,121.6910027,122.7869841,Buy
2019-10-04,119.443,47.76511134,0.718784643,119.4448961,115.8636171,121.524484,122.3092721,Buy
2019-10-07,120.076,48.50055082,0.492653811,119.4696453,115.9055314,121.4171889,121.9902332,Buy
2019-10-09,120.472,48.98446115,0.341461234,119.5089533,115.9509689,121.3471749,121.7733428,Buy
2019-10-10,120.994,49.65599831,0.260755242,119.5671905,116.0011483,121.3210138,121.6620081,Buy
2019-10-11,116.046,43.77396681,-0.200159769,119.4291046,116.0015946,120.930272,120.8597212,Sell
2019-10-14,121.116,50.27382172,-0.154550051,119.4952573,116.0524842,120.9440296,120.8963325,Sell
2019-10-15,129.105,58.42888031,0.520244458,119.87211,116.18236,121.548546,122.0689993,Buy
2019-10-16,128.682,57.88755314,1.009257313,120.2175959,116.3067345,122.07695,123.0137137,Buy
2019-10-17,125.548,53.90292411,1.130879837,120.4266313,116.3986874,122.3340648,123.3757546,Buy
2019-10-18,146.369,69.11380549,2.874215092,121.4439791,116.6968994,124.1144304,126.6605039,Buy
2019-10-22,135.643,58.41935131,3.351686132,122.0008035,116.8854179,124.9683985,127.9437176,Buy
2019-10-23,132.307,55.54076908,3.421457618,122.404968,117.0388664,125.5119986,128.5670437,Buy
2019-10-24,135.517,57.70060017,3.693199293,122.9191654,117.2227285,126.2531098,129.5598946,Buy
2019-10-25,137.194,58.82596663,3.997792351,123.4789628,117.4214476,127.0635461,130.6504811,Buy
2019-10-27,127.353,50.35900225,3.405837712,123.6308858,117.520269,127.0849871,130.1794124,Buy
2019-10-29,147.374,62.26017501,4.500359431,124.5619883,117.817321,128.587877,132.635782,Buy
2019-10-30,172.445,71.48074885,7.306570357,126.4397535,118.36088,131.8365528,138.3228132,Buy
2019-10-31,172.283,71.35942744,9.408979825,128.2375279,118.8974186,134.8325859,143.1742684,Buy
2019-11-01,178.332,73.18925635,11.4314832,130.202017,119.4888074,138.0547647,148.1968015,Buy
2019-11-04,172.91,68.93771612,12.45326809,131.8768398,120.0203616,140.636634,151.7272584,Buy
2019-11-05,173.599,69.18270024,13.16685718,133.513003,120.5534824,143.0782907,154.8517929,Buy
2019-11-06,171.584,67.5058794,13.41514656,135.0059833,121.0612487,145.1898248,157.2421082,Buy
2019-11-07,173.751,68.39311586,13.6296622,136.5253957,121.5855248,147.3054674,159.6005213,Buy
2019-11-08,171.621,66.47189185,13.47249171,137.9016939,122.0833903,149.1066179,161.3177326,Buy
2019-11-11,168.141,63.34122812,12.91821292,139.087549,122.5416749,150.5165722,162.2924851,Buy
2019-11-13,171.769,65.18230175,12.62614592,140.3691746,123.0314991,152.0908261,163.6462729,Buy
2019-11-14,170.385,63.86463028,12.14302623,141.5462658,123.5026782,153.4459501,164.6089482,Buy
2019-11-15,167.792,61.3618263,11.41928259,142.5755102,123.9433679,154.5086204,165.0636699,Buy
2019-11-18,168.327,61.69537069,10.76479076,143.5853726,124.3849961,155.5322041,165.5298599,Buy
2019-11-19,168.902,62.07430969,10.17520553,144.5781815,124.8279514,156.5225594,166.0115942,Buy
2019-11-20,167.146,60.11832149,9.457243248,145.463194,125.2490265,157.3094809,166.1736522,Buy
2019-11-21,166.889,59.82122132,8.766460911,146.3034217,125.6633546,158.0190749,166.2758447,Buy
2019-11-22,161.613,53.92905236,7.704469497,146.9037973,126.0210625,158.2852916,165.6097241,Buy
2019-11-25,162.326,54.58013362,6.841502213,147.5085896,126.3823057,158.5846033,165.1406206,Buy
2019-11-26,165.813,57.72659483,6.365587648,148.2264096,126.7746509,159.1200401,165.2366748,Buy
2019-11-27,163.212,54.68356349,5.712690624,148.8140798,127.1372116,159.4231482,164.9474356,Buy
2019-11-28,166.134,57.40038262,5.369153745,149.4932923,127.5252393,159.9202484,165.1169448,Buy
2019-11-29,163.42,54.1529411,4.822312558,150.0394377,127.8824011,160.1794892,164.8745241,Buy
2019-12-02,163.175,53.85672584,4.319376443,150.5545578,128.2335713,160.4013789,164.6317349,Buy
2019-12-03,161.321,51.55839222,3.728217076,150.9767713,128.5627994,160.469499,164.1587728,Buy
2019-12-04,156.55,46.10568733,2.841978632,151.1953292,128.841279,160.1791657,163.0718053,Buy
2019-12-05,169.809,59.06299409,3.172943057,151.9252771,129.248918,160.8924868,164.0342616,Buy
2019-12-06,165.329,54.31164755,3.038707857,152.4509133,129.6079238,161.2211174,164.2192243,Buy
2019-12-09,163.065,52.03357271,2.71830469,152.867152,129.94083,161.3577013,164.0543351,Buy
2019-12-10,159.025,48.15223787,2.114019534,153.1086362,130.2302248,161.1849086,163.3358586,Buy
2019-12-11,158.458,47.61541451,1.571254589,153.3184152,130.5110982,160.9829154,162.6390217,Buy
2019-12-12,163.636,52.79147171,1.541165191,153.7230264,130.8406992,161.1794402,162.7814472,Buy
2019-12-13,170.762,58.8216839,2.068483582,154.3912214,131.237926,161.8892594,163.9215261,Buy
2019-12-16,177.906,63.81229254,3.027944046,155.3133696,131.702285,163.0756846,165.9193081,Buy
2019-12-17,174.289,59.85688882,3.456615988,156.057512,132.1260334,163.9063006,167.1149784,Buy
2019-12-18,180.609,64.05001937,4.257237982,157.0203154,132.608451,165.1435376,169.0426958,Buy
2019-12-19,173.725,57.05872075,4.286839397,157.6754011,133.0175709,165.7792015,169.7115964,Buy
2019-12-20,182.231,62.50479458,4.939719828,158.6383658,133.5072567,166.9978532,171.5000826,Buy
2019-12-23,177.109,57.75477579,4.98635014,159.3627044,133.9411049,167.746827,172.3013565,Buy
2019-12-24,177.118,57.76084993,4.966777305,160.0589905,134.3707258,168.440988,172.9894484,Buy
2019-12-26,174.154,54.95825413,4.658396568,160.6117359,134.7665792,168.8641741,173.155813,Buy
2019-12-27,174.445,55.18814371,4.386914263,161.1542169,135.1613894,169.2775686,173.3399825,Buy
2019-12-30,177.291,57.47418125,4.351252466,161.7870319,135.5805895,169.8711561,173.9044136,Buy
2019-12-31,183.449,61.99224275,4.764961856,162.6365208,136.0568921,170.8769223,175.2679259,Buy
2020-01-01,184.27,62.56330715,5.100284462,163.4848926,136.5366245,171.8690021,176.5539365,Buy
2020-01-02,182.195,60.1052886,5.139351639,164.2186223,136.9909367,172.6338909,177.3598027,Buy
2020-01-03,192.496,67.03037816,5.933123909,165.327539,137.5432259,174.1051582,179.5221166,Buy
2020-01-06,191.545,65.89317949,6.411548065,166.3556748,138.080557,175.3969984,181.2396714,Buy
2020-01-07,183.664,57.22832623,6.08463197,167.0344326,138.5341236,176.0093688,181.5860041,Buy
2020-01-08,182.707,56.26084556,5.682818711,167.6490431,138.9736547,176.5054897,181.7461463,Buy
2020-01-09,180.239,53.73777811,5.106368793,168.1427669,139.3842551,176.782046,181.5308397,Buy
2020-01-10,193.563,63.30531108,5.659425196,169.1396388,139.9233471,178.0250796,183.2497198,Buy
2020-01-13,196.552,65.05144932,6.266675367,170.2146334,140.4868163,179.3974441,185.1500455,Buy
2020-01-14,195.07,63.43953347,6.552803844,171.1893536,141.0299326,180.5583742,186.5671819,Buy
2020-01-15,195.512,63.72821109,6.737562009,172.1431829,141.5720427,181.6660501,187.845013,Buy
2020-01-16,200.949,67.16290372,7.239255021,173.2728228,142.1628582,183.0944168,189.7170112,Buy
2020-01-17,199.104,64.91646045,7.402641227,174.2858101,142.7294367,184.2803119,191.0580096,Buy
2020-01-20,199.464,65.16132081,7.475007728,175.2731901,143.2939597,185.4050295,192.2588653,Buy
2020-01-21,195.069,59.68462504,7.095921565,176.0494964,143.8091343,186.1208792,192.6603132,Buy
2020-01-22,190.409,54.45821082,6.346313642,176.6126142,144.2728145,186.4385177,192.338697,Buy
2020-01-23,186.067,50.05958342,5.340320954,176.9833744,144.6886771,186.4109979,191.4427403,Buy
2020-01-24,185.851,49.84390115,4.474060917,177.3311244,145.0982524,186.3695166,190.6439202,Buy
2020-01-27,186.574,50.61095712,3.80205592,177.6935901,145.5109464,186.3846635,190.0625031,Buy
2020-01-28,180.703,44.64070324,2.763886126,177.8116062,145.8611161,185.9637995,188.7254312,Buy
2020-01-29,176.21,40.68526656,1.560592,177.7487981,146.163095,185.2412959,186.9375125,Buy
2020-01-30,184.941,49.96345117,1.296545697,178.0308452,146.5489448,185.2190517,186.6522964,Buy
2020-01-31,182.747,47.93434603,0.89987642,178.2157925,146.9091245,185.0359368,186.0943969,Buy
2020-02-03,177.858,43.67758886,0.188834948,178.2017614,147.2170735,184.5042378,184.9177688,Buy
2020-02-04,155.608,30.43229845,-2.145329567,177.3157316,147.3005653,182.3637757,180.7306589,Sell
2020-02-05,167.182,40.53430159,-3.026360687,176.9183303,147.4983905,181.2391997,178.7951362,Sell
2020-02-06,182.283,50.61136093,-2.477500617,177.1287095,147.8445061,181.3165183,179.2934025,Sell
2020-02-07,181.86,50.35395401,-2.052992008,177.3142503,148.1829687,181.3567762,179.6600593,Sell
2020-02-10,176.523,47.09913637,-2.122747463,177.2832209,148.464959,180.9987187,179.211908,Sell
2020-02-11,170.196,43.50864448,-2.657926266,177.0052907,148.6811883,180.1985173,177.9239211,Sell
2020-02-12,170.317,43.59719964,-3.037283719,176.7430048,148.89647,179.4665531,176.8372181,Sell
2020-02-13,171.591,44.58223015,-3.198258547,176.5409654,149.1222862,178.8831788,176.0877584,Sell
2020-02-14,170.573,43.92215155,-3.369139013,176.3069275,149.3357262,178.26761,175.2999357,Sell
2020-02-17,168.177,42.33345378,-3.655758877,175.9881068,149.5232015,177.5201574,174.2823735,Sell
2020-02-18,168.043,42.24143023,-3.849346988,175.676534,149.7074781,176.8181457,173.3910344,Sell
2020-02-19,160.586,37.37271932,-4.552011781,175.0847484,149.8157221,175.6157645,171.5617438,Sell
2020-02-20,157.989,35.8241052,-5.257825944,174.4143268,149.8970483,174.3100783,169.6227804,Sell
2020-02-24,158.131,35.98031315,-5.739568369,173.775765,149.9789781,173.111628,167.9810975,Sell
2020-02-25,153.399,33.08985218,-6.429075187,172.9766762,150.0130082,171.6514334,165.8979407,Sell
2020-02-26,149.806,31.05016641,-7.18264235,172.0680222,150.0109484,170.0332531,163.599092,Sell
2020-02-27,145.842,28.93132762,-8.007407024,171.0395508,149.9694664,168.2413084,161.0623646,Sell
2020-02-28,145.237,28.61043125,-8.610599779,170.027686,149.9223771,166.5372856,158.8015982,Sell
2020-03-02,130.444,22.14315397,-10.16512858,168.4753846,149.7285624,163.8637089,154.7505128,Sell
2020-03-03,127.022,20.96269055,-11.54020238,166.8497617,149.5026265,161.1346934,150.7892967,Sell
2020-03-04,131.134,26.063397,-12.15800434,165.4491436,149.3198541,158.9124198,147.9813971,Sell
2020-03-05,128.305,24.87404836,-12.72915967,163.9925105,149.1107511,156.6452035,145.1704833,Sell
2020-03-06,126.186,23.99095152,-13.20062143,162.5099022,148.8826441,154.3889662,142.4584142,Sell
2020-03-09,114.369,19.77465032,-14.36223253,160.6220237,148.5392247,151.4245243,138.4456408,Sell
2020-03-11,109.141,18.24678999,-15.52570297,158.60316,148.1472026,148.2924114,134.2592635,Sell
2020-03-12,97.512,15.39705774,-17.18799231,156.2074283,147.6433697,144.5308994,129.0096544,Sell
2020-03-13,91.058,14.0825306,-18.8093302,153.6525487,147.0803312,140.5699439,123.5879895,Sell
2020-03-16,92.302,15.57862956,-19.76602137,151.2466449,146.5352732,136.9945407,119.1185624,Sell
2020-03-17,83.037,13.66947763,-21.02940024,148.5717568,145.9034496,132.9976858,113.9640535,Sell
2020-03-18,77.299,12.63661669,-22.2373079,145.7767468,145.2208183,128.8718572,108.7261887,Sell
2020-03-19,76.425,12.48191089,-22.99997849,143.0570704,144.5362828,124.9869048,104.1117332,Sell
2020-03-20,74.22,12.08009423,-23.51130184,140.3575775,143.8366183,121.2263934,99.8414856,Sell
2020-03-23,74.857,12.95190386,-23.59316143,137.7889274,143.1502539,117.7916235,96.27227337,Sell
2020-03-24,67.981,11.6132471,-23.93694132,135.0513616,142.4023011,114.1019477,92.23066289,Sell
2020-03-25,65.364,11.14126799,-24.14226241,132.3185239,141.6357509,110.4917293,88.39256819,Sell
2020-03-26,66.103,12.22609363,-23.96904945,129.7218367,140.8841812,107.2036753,85.20834416,Sell
2020-03-27,67.987,15.07270553,-23.40989913,127.3008627,140.1588361,104.2987364,82.74815214,Sell
2020-03-30,67.227,14.86329652,-22.7656657,124.9450249,139.4331462,101.5526818,80.53084469,Sell
2020-03-31,66.604,14.68320874,-22.05118463,122.6571416,138.7084781,98.9638906,78.54129545,Sell
2020-04-01,65.661,14.39882518,-21.31533553,120.4219988,137.9816375,96.49700981,76.70125324,Sell
2020-04-03,67.594,17.90865251,-20.34170635,118.3503126,137.281263,94.35604612,75.40021707,Sell
2020-04-07,66.217,17.36251082,-19.45692329,116.3058689,136.5741559,92.27167234,74.08832891,Sell
2020-04-08,65.943,17.24978397,-18.56384343,114.3308545,135.8713583,90.32140031,72.9247105,Sell
2020-04-09,67.262,19.94433156,-17.54736384,112.485017,135.1886782,88.61329658,72.11575185,Sell
2020-04-13,74.707,33.17191036,-15.9571036,111.0035262,134.5868704,87.58320054,72.48593016,Sell
2020-04-15,76.384,35.74724156,-14.39554811,109.6458977,134.0077374,86.75363013,73.04279728,Sell
2020-04-16,75.351,34.85618387,-13.09045992,108.3009997,133.4240882,85.90899086,73.37254053,Sell
2020-04-17,74.299,33.9286496,-12.00269612,106.967588,132.8357789,85.04899154,73.50489188,Sell
2020-04-20,76.407,37.51666172,-10.84551713,105.7691336,132.2742985,84.40884402,73.91947875,Sell
2020-04-21,80.002,43.18334989,-9.528519144,104.7586577,131.7541761,84.08241113,74.78841036,Sell
2020-04-22,76.67,39.59877527,-8.653896574,103.6571417,131.2060749,83.53334364,75.05720888,Sell
2020-04-23,77.826,41.4157127,-7.777814542,102.6441558,130.6749299,83.11057744,75.45275047,Sell
2020-04-24,76.499,39.930803,-7.108646972,101.6188556,130.1358659,82.62083096,75.60221469,Sell
2020-04-27,74.87,38.12377197,-6.633308882,100.5698808,129.5859568,82.04669534,75.49761259,Sell
2020-04-28,76.114,40.34399061,-6.086063269,99.61082669,129.0538975,81.60723642,75.58566793,Sell
2020-04-29,77.17,42.23867672,-5.503713421,98.73079427,128.5376398,81.27855224,75.81200109,Sell
2020-04-30,79.722,46.64859337,-4.781157689,97.98535136,128.0519121,81.16325208,76.37057236,Sell
2020-05-04,88.846,58.76876738,-3.432726188,97.62694542,127.6618035,81.73234452,78.15277631,Sell
2020-05-05,84.465,52.59080245,-2.686624855,97.1107907,127.2319845,81.93476344,79.05452255,Sell
2020-05-06,78.904,45.98295433,-2.515068257,96.39679891,126.7511091,81.71026245,79.03301933,Sell
2020-05-07,83.275,51.1757197,-2.00331231,95.88221856,126.318511,81.82616893,79.63901657,Sell
2020-05-08,82.772,50.5732152,-1.619659505,95.36809234,125.8852124,81.89623049,80.08658563,Sell
2020-05-11,80.338,47.6497734,-1.494784407,94.77867695,125.4320063,81.78080601,80.12250197,Sell
2020-05-12,87.543,55.79563675,-0.805155376,94.49492491,125.0550012,82.20763519,81.18257312,Sell
2020-05-13,86.598,54.59569691,-0.331056787,94.18524158,124.6723445,82.5328474,81.95620553,Sell
2020-05-14,86.573,54.56226628,0.042166402,93.88672231,124.2932465,82.83211797,82.61574759,Sell
2020-05-15,83.163,50.05957359,0.062074411,93.46618418,123.8839904,82.85662775,82.69392651,Sell
2020-05-18,83.254,50.17773484,0.084223713,93.06570637,123.4797118,82.88606273,82.77393701,Sell
2020-05-19,80.498,46.58295449,-0.119234512,92.57285514,123.0520331,82.70916919,82.44880315,Sell
2020-05-20,80.722,46.91582846,-0.25941136,92.10811572,122.6308388,82.56197147,82.20211699,Sell
2020-05-21,84.184,51.90432556,-0.090109331,91.79736608,122.2482832,82.68212174,82.48524313,Sell
2020-05-22,83.472,50.84604821,-0.013236125,91.47088114,121.8624495,82.74063124,82.6262084,Sell
2020-05-26,82.496,49.36035637,-0.030714541,91.11892502,121.4707435,82.7225104,82.6076072,Sell
2020-05-27,83.468,50.89908574,0.033480029,90.81888874,121.0926068,82.77773186,82.73052046,Sell
2020-05-28,83.615,51.14088389,0.095119876,90.5363833,120.7196953,82.83975172,82.85687468,Buy
2020-05-29,86.326,55.49380427,0.358591325,90.37127023,120.3774694,83.09799233,83.35246401,Buy
2020-06-01,85.464,53.85097982,0.492164781,90.17882826,120.0300717,83.27325216,83.65411201,Buy
2020-06-02,89.067,59.27751489,0.878626438,90.13522715,119.7219815,83.70241867,84.42738172,Buy
2020-06-03,97.142,68.27990068,1.815556494,90.41000256,119.497305,84.69794321,86.24375576,Sell
2020-06-04,97.788,68.87274256,2.580461165,90.69933579,119.281292,85.66757705,87.89293351,Sell
2020-06-05,98.213,69.27953531,3.18424162,90.99398929,119.0716573,86.59686763,89.36722872,Sell
2020-06-08,111.372,78.60339702,4.670722129,91.79312696,118.9950438,88.43206262,92.51076748,Sell
2020-06-09,114.791,80.27824182,6.054856749,92.69500434,118.9532125,90.3845765,95.69365784,Sell
2020-06-10,109.856,71.56994606,6.676616275,93.36798456,118.862693,91.82690417,97.71684957,Sell
2020-06-11,110.079,71.71923542,7.105452184,94.0233185,118.7752931,93.17891127,99.48287106,Sell
2020-06-12,108.268,68.57014931,7.215993684,94.58193346,118.6707429,94.29662155,100.7378895,Sell
2020-06-15,106.945,66.28054195,7.114828265,95.0667596,118.5540688,95.23353847,101.6246196,Sell
2020-06-16,103.453,60.53499348,6.675922842,95.39563177,118.4038094,95.84238747,101.8858168,Sell
2020-06-17,94.881,49.24909147,5.572165912,95.37545013,118.1697516,95.77117358,100.8851287,Buy
2020-06-18,94.896,49.26691586,4.645095201,95.35664817,117.938172,95.70634591,100.0295388,Buy
2020-06-19,96.794,51.58403938,4.017229598,95.41301491,117.7277822,95.78691288,99.56731901,Buy
2020-06-22,101.961,57.30143374,3.891714046,95.66979863,117.5708988,96.24425267,99.90927344,Buy
2020-06-23,101.874,57.17899704,3.742085461,95.91310065,117.4147108,96.66127099,100.1899487,Buy
2020-06-24,103.421,58.86222396,3.705617648,96.20752807,117.2754699,97.16199166,100.6515274,Buy
2020-06-25,106.696,62.245663,3.896070299,96.6188407,117.1702015,97.8682145,101.5150235,Sell
2020-06-26,104.997,59.51113402,3.865352914,96.94739597,117.0490751,98.39627268,102.0124487,Buy
2020-06-29,103.096,56.51925988,3.645590258,97.18851769,116.9102386,98.74440063,102.1672418,Buy
2020-06-30,96.835,47.96611365,2.932413359,97.17465425,116.710485,98.60296355,101.4054929,Buy
2020-07-01,96.599,47.67325556,2.321412502,97.15207958,116.5103707,98.4545218,100.7188511,Buy
2020-07-02,102.75,55.32868919,2.306931347,97.37160587,116.3734516,98.77270537,101.0090152,Buy
2020-07-03,101.673,53.84332612,2.183381366,97.54028799,116.2271784,98.98754201,101.1038702,Buy
2020-07-06,102.39,54.71494234,2.118897691,97.73047278,116.089495,99.23957594,101.287603,Buy
2020-07-07,109.321,62.15477707,2.597129595,98.18500325,116.0221468,99.98634809,102.4352312,Sell
2020-07-08,109.599,62.42145185,2.964392431,98.63261097,115.9582349,100.6983964,103.4586267,Sell
2020-07-09,106.442,57.46901343,2.966511263,98.93886152,115.863546,101.1238485,103.8848229,Buy
2020-07-10,107.98,59.1686099,3.057054379,99.29341597,115.7851028,101.6317116,104.4698482,Buy
2020-07-13,110.049,61.40311553,3.258202925,99.71520358,115.7280271,102.2552144,105.2668699,Sell
2020-07-14,110.32,61.69877611,3.400285655,100.1310779,115.6742159,102.8526059,105.9887456,Sell
2020-07-15,106.116,54.69879266,3.137492516,100.3657808,115.5791093,103.0943388,106.0069248,Buy
2020-07-16,103.592,50.96056277,2.694500826,100.4922992,115.4598346,103.1312026,105.6619356,Buy
2020-07-17,102.482,49.36282115,2.228173993,100.5703267,115.3307019,103.0831135,105.207659,Buy
2020-07-20,106.589,54.98628144,2.165049848,100.8063531,115.2437198,103.3428088,105.4049935,Buy
2020-07-21,107.046,55.57745331,2.127376517,101.0510451,115.1621504,103.6171193,105.639423,Buy
2020-07-22,109.802,59.06863756,2.293468619,101.3942198,115.1088156,104.0752586,106.2340768,Buy
2020-07-23,106.272,53.29156327,2.115865923,101.5855053,115.0208871,104.2379802,106.2394944,Buy
2020-07-24,107.012,54.3005914,2.011637418,101.798309,114.9411967,104.4434631,106.3498524,Buy
2020-07-27,103.768,49.2751973,1.648271639,101.8755518,114.8300206,104.3934288,105.9810163,Buy
2020-07-28,102.982,48.11332782,1.282098774,101.9189419,114.7121298,104.2888785,105.5525854,Buy
2020-07-29,105.791,52.43024544,1.204680161,102.0707873,114.6233624,104.4001468,105.5866446,Buy
2020-07-30,107.814,55.31375024,1.291674921,102.2960114,114.5556075,104.6530248,105.9048383,Buy
2020-07-31,103.84,49.02680056,1.028099022,102.3565599,114.4489846,104.5928008,105.6098614,Buy
2020-08-03,102.815,47.52634887,0.728111077,102.374538,114.3332235,104.4611118,105.2105955,Buy
2020-08-04,115.43,62.66910529,1.491105012,102.8865169,114.3441367,105.273622,106.6705104,Sell
2020-08-05,110.545,55.93736083,1.682213023,103.1868496,114.3063344,105.6640945,107.2240089,Buy
2020-08-06,114.001,59.27066749,2.088463311,103.6109339,114.3032962,106.281643,108.1921505,Buy
2020-08-07,114.552,59.79290731,2.426904838,104.0399953,114.3057709,106.8942621,109.1007004,Buy
2020-08-10,119.845,64.50165839,3.086642161,104.6597994,114.3608876,107.853576,110.6356004,Sell
2020-08-11,119.376,63.78880022,3.530941863,105.2369053,114.4107892,108.7070889,111.8842289,Sell
2020-08-12,121.683,65.79154297,4.022835454,105.8818502,114.4831495,109.6682675,113.2840533,Sell
2020-08-13,123.447,67.28162327,4.503095841,106.5706796,114.572342,110.6889143,114.7359029,Sell
2020-08-14,132.526,73.64471308,5.552301605,107.5885353,114.7509854,112.3064762,117.2773453,Sell
2020-08-17,125.092,62.86399889,5.718029179,108.2749457,114.8538811,113.2535521,118.3937245,Sell
2020-08-18,124.142,61.62254297,5.706926518,108.8971831,114.9463002,114.0601038,119.2149068,Sell
2020-08-19,123.062,60.16782616,5.547037807,109.4526661,115.0270534,114.7269109,119.7644915,Sell
2020-08-20,124.888,61.80938768,5.504218585,110.0579733,115.1251723,115.4795842,120.4964213,Sell
2020-08-21,120.757,56.16959013,5.078406163,110.477543,115.1812104,115.8705039,120.5336468,Buy
2020-08-24,120.084,55.28456115,4.633232257,110.8542668,115.2299943,116.1826147,120.4694116,Buy
2020-08-25,120.784,56.06006386,4.287489371,111.2436681,115.2852581,116.523458,120.5143528,Buy
2020-08-26,129.244,64.15192872,4.642619709,111.9495635,115.424151,117.4657204,121.7614452,Sell
2020-08-27,144.244,73.47803686,6.064529579,113.216012,115.7109157,119.4492967,124.9732388,Sell
2020-08-28,141.533,69.936735,6.893187972,114.3264821,115.9678519,121.0851266,127.3389189,Sell
2020-08-31,140.819,68.99361344,7.406909641,115.3654044,116.215127,122.546895,129.2646448,Sell
2020-09-01,141.617,69.48884726,7.788647022,116.3948787,116.4678819,123.9594953,131.029267,Sell
2020-09-02,145.138,71.64111414,8.279846998,117.5220599,116.7531567,125.5282735,133.0448003,Buy
2020-09-03,148.723,73.67711871,8.85631596,118.7456262,117.0712646,127.2464013,135.2845431,Buy
2020-09-04,151.395,75.11136158,9.42018975,120.0259938,117.4127943,129.0351864,137.5860369,Buy
2020-09-07,150.364,73.44841388,9.672373606,121.2157195,117.740667,130.6150985,139.4114602,Buy
2020-09-08,151.374,74.05442917,9.840296871,122.3983972,118.075327,132.152795,141.1203945,Buy
2020-09-09,143.457,62.09123015,9.228164992,123.2242248,118.327881,132.9901435,141.4541953,Buy
2020-09-10,138.797,56.32360908,8.271672323,123.8349218,118.5315538,133.420281,141.0745959,Buy
2020-09-11,143.214,60.10626883,7.780372684,124.5948857,118.7771503,134.1457417,141.3802251,Buy
2020-09-14,144.228,60.94254499,7.387674988,125.3648117,119.0303926,134.8925756,141.7870501,Buy
2020-09-15,149.333,64.92857813,7.403052291,126.3047407,119.3319111,135.9622367,142.8650429,Buy
2020-09-16,150.034,65.45000323,7.386654996,127.2352999,119.6374045,137.0045895,143.8891797,Buy
2020-09-17,152.102,67.00833522,7.454598368,128.2104646,119.9604353,138.1229162,145.0624397,Buy
2020-09-18,150.756,64.95479872,7.315504448,129.0946032,120.2668588,139.0587002,145.8758055,Buy
2020-09-21,150.432,64.44284239,7.097314004,129.9313639,120.5670095,139.9011669,146.5266904,Buy
2020-09-22,137.804,48.42329441,5.83812418,130.2400947,120.7385218,139.7458212,145.2805918,Buy
2020-09-23,133.114,44.04417303,4.410917063,130.3527969,120.8616609,139.2545751,143.5425072,Buy
2020-09-24,131.518,42.63129113,3.115151748,130.3984911,120.9676941,138.6814955,141.8247205,Buy
2020-09-25,123.519,36.33938209,1.426353831,130.1287072,120.9930803,137.5583477,139.2096176,Buy
2020-09-28,129.17,42.76599817,0.537758839,130.0911108,121.0744427,136.9369886,137.7753865,Buy
2020-09-29,134.442,48.03641969,0.25599628,130.2617339,121.2074532,136.7521746,137.2991884,Buy
2020-09-30,131.909,45.85172195,-0.169737876,130.3263326,121.3139362,136.393421,136.5291615,Buy
2020-10-01,135.302,49.18553642,-0.230689277,130.5214568,121.4531209,136.312575,136.3538527,Buy
2020-10-05,136.083,49.94940367,-0.213512291,130.7395565,121.5986919,136.2955694,136.3151595,Buy
2020-10-06,134.997,48.84974892,-0.284253828,130.9065151,121.7320084,136.1993791,136.126851,Sell
2020-10-07,143.876,57.15487735,0.371857546,131.4151223,121.9523466,136.7680177,137.2338723,Buy
2020-10-08,140.721,53.81144001,0.629986315,131.7800587,122.1390994,137.0608312,137.7320334,Buy
2020-10-09,140.743,53.83172111,0.826799609,132.1315466,122.3242128,137.3335844,138.1621715,Buy
2020-10-12,140.011,52.99786974,0.913182678,132.4405448,122.5002007,137.5319115,138.4262898,Buy
2020-10-13,134.811,47.3828821,0.555640266,132.5335038,122.6226963,137.3303625,137.9098198,Buy
2020-10-14,134.362,46.92062682,0.233364698,132.6052095,122.7395053,137.1104838,137.4029884,Buy
2020-10-15,130.877,43.38293152,-0.29979553,132.5374366,122.8204753,136.6487443,136.4707044,Sell
2020-10-16,127.89,40.56017413,-0.952376386,132.3551842,122.8709184,135.9999484,135.2448895,Sell
2020-10-19,128.241,41.04560504,-1.424804392,132.1938436,122.924352,135.4252115,134.2443338,Sell
2020-10-20,127.459,40.25679325,-1.841084973,132.0081635,122.9694729,134.8351217,133.2750004,Sell
2020-10-21,128.767,42.25573999,-2.041907821,131.8810591,123.0271597,134.3856312,132.6310004,Sell
2020-10-22,129.975,44.11546284,-2.079613383,131.8063116,123.0962925,134.0589178,132.2515717,Sell
2020-10-23,136.216,52.60765039,-1.58759793,131.9792406,123.2268368,134.2187017,132.8179186,Sell
2020-10-26,137.348,53.97383576,-1.093721459,132.1897802,123.3673459,134.4505015,133.4650731,Sell
2020-10-27,135.301,51.10490496,-0.857610589,132.3117888,123.4860887,134.5135014,133.7273484,Sell
2020-10-28,136.645,52.8760125,-0.555636424,132.4817187,123.6170232,134.6713902,134.1441558,Sell
2020-10-29,135.305,50.89650211,-0.419609527,132.5924356,123.7333215,134.7183243,134.3099906,Sell
2020-10-30,131.744,45.9711599,-0.592322249,132.5591636,123.8130297,134.498004,133.9434206,Sell
2020-11-02,134.202,49.59692835,-0.5248086,132.6235885,123.9164025,134.4760777,133.9803605,Sell
2020-11-03,134.428,49.92963877,-0.447904077,132.6943498,124.0209956,134.4725164,134.044309,Sell
2020-11-04,134.362,49.82619905,-0.387811882,132.7597478,124.1238911,134.46433,134.0896934,Sell
2020-11-05,135.071,51.00057425,-0.27975319,132.8503852,124.2328176,134.5092685,134.2298801,Sell
2020-11-06,139.981,58.28281178,0.199777161,133.1300171,124.3895159,134.914582,135.0514686,Buy
2020-11-09,140.503,58.98077889,0.614841941,133.4191537,124.5498491,135.3285389,135.8302588,Buy
2020-11-10,141.764,60.6917131,1.033620992,133.7464026,124.7211342,135.8052397,136.6779361,Buy
2020-11-11,145.671,65.49405264,1.661614595,134.2140338,124.9295905,136.5360368,137.9626595,Buy
2020-11-12,149.263,69.21753837,2.421237908,134.8041894,125.171714,137.4787748,139.5769939,Buy
2020-11-13,149.465,69.4174002,3.004905883,135.3791231,125.4134383,138.3666433,140.9895662,Buy
2020-11-14,146.43,62.81802521,3.185843404,135.8124909,125.6225583,138.963929,141.766771,Buy
2020-11-17,149.231,66.02795308,3.514739257,136.3387069,125.8574681,139.7244528,142.8330895,Buy
2020-11-18,160.992,75.56621738,4.670566615,137.3055027,126.2070655,141.2998266,145.4272195,Buy
2020-11-19,175.497,82.20294446,6.679997546,138.8032085,126.6975126,143.8329506,149.7229025,Buy
2020-11-20,166.262,69.2972068,7.441517535,139.8800238,127.0911891,145.4943617,152.0856307,Buy
2020-11-23,172.253,72.33194475,8.431260916,141.1495523,127.5405603,147.476483,154.9666834,Buy
2020-11-24,171.287,71.11142398,9.033558312,142.331413,127.9758483,149.240225,157.2981572,Buy
2020-11-25,169.943,69.35787605,9.295283528,143.4142203,128.3934319,150.7737639,159.1045633,Buy
2020-11-26,169.298,68.48506691,9.342956748,144.4292705,128.8004425,152.1459295,160.5607686,Buy
2020-11-27,173.425,70.99975754,9.603054493,145.566358,129.244468,153.722157,162.3985159,Buy
2020-12-01,181.038,74.96777577,10.3047031,146.9574027,129.7598265,155.7455528,165.0612994,Buy
2020-12-02,179.309,72.54019009,10.59906936,148.2260928,130.2528531,157.4909933,167.0966852,Buy
2020-12-03,183.499,74.67996438,11.04315609,149.6093441,130.7826655,159.4175123,169.439873,Buy
2020-12-04,182.032,72.54839715,11.14821371,150.8808208,131.2926091,161.0926595,171.2387483,Buy
2020-12-07,181.868,72.29995153,11.09039603,152.0960043,131.7958468,162.6315737,172.7572128,Buy
2020-12-08,180.153,69.61514958,10.78190187,153.1962786,132.2770126,163.9294571,173.8137538,Buy
2020-12-09,180.507,69.86391209,10.44557281,154.2672873,132.7569129,165.1574232,174.7699319,Buy
2020-12-10,179.467,68.09994942,9.980066312,155.2555113,133.2216899,166.2173919,175.4409416,Buy
2020-12-11,178.04,65.6506013,9.387785533,156.1490207,133.6676432,167.0931406,175.8122357,Buy
2020-12-14,178.456,66.0341323,8.84994976,157.0238042,134.1132985,167.9348339,176.1899163,Buy
2020-12-15,179.614,67.13421483,8.420090396,157.9096942,134.5660418,168.7999573,176.6790711,Buy
2020-12-16,180.994,68.44579547,8.097436018,158.8149611,135.0280116,169.7032197,177.2954895,Buy
2020-12-17,183.836,71.0114987,7.979077904,159.7961783,135.5136632,170.7500924,178.2298482,Buy
2020-12-18,181.869,66.95371553,7.638505845,160.6617792,135.9749103,171.5737151,178.749727,Buy
2020-12-21,178.209,60.07488635,6.992661572,161.3499055,136.39515,172.0652177,178.6724803,Buy
2020-12-22,159.099,38.07745277,4.882525329,161.2616347,136.621059,171.1047572,175.8762688,Buy
2020-12-23,162.565,42.21059042,3.450133397,161.3127471,136.8792076,170.4721826,173.974659,Buy
2020-12-24,171.086,50.88927818,2.968309138,161.6960119,137.2195737,170.5176505,173.5619934,Buy
2020-12-28,178.422,56.89162274,3.142192591,162.351933,137.6295481,171.1031579,174.2562801,Buy
2020-12-29,187.896,63.15467133,3.998378287,163.3536611,138.1297118,172.3470721,176.2048115,Buy
2020-12-30,182.972,58.40520305,4.230815761,164.1230077,138.5759038,173.1341038,177.1715527,Buy
2020-12-31,181.338,56.87660991,4.23436289,164.7981055,139.0013972,173.7417998,177.7667595,Buy
2021-01-01,182.458,57.69393283,4.278231861,165.4906503,139.4338013,174.3874443,178.4369367,Buy
2021-01-04,183.235,58.28462956,4.325830265,166.1865072,139.8696341,175.0428188,179.1223743,Buy
2021-01-05,192.149,64.42196864,5.02491357,167.2046442,140.3898268,176.3099433,180.9833208,Buy
2021-01-06,193.896,65.4934641,5.65472626,168.251364,140.9222265,177.6126142,182.8279893,Buy
2021-01-07,195.842,66.69664525,6.238964394,169.3333497,141.4686919,178.9629391,184.6871337,Buy
2021-01-08,196.665,67.21726015,6.691253936,170.4051791,142.0179089,180.2742028,186.3982574,Buy
2021-01-11,198.089,68.14515536,7.082953675,171.4908192,142.5758302,181.5938174,188.0683635,Buy
2021-01-12,221.059,78.64509849,9.141488186,173.4346694,143.3567573,184.5171643,192.7813116,Buy
2021-01-13,238.091,83.09472073,12.00880168,175.9702118,144.2993866,188.4855966,199.2541242,Buy
2021-01-14,241.758,83.8738101,14.41094415,178.550125,145.269124,192.4317005,205.3261065,Buy
2021-01-15,244.647,84.48063071,16.35919885,181.1421594,146.2579586,196.2995005,210.943377,Buy
2021-01-18,260.894,87.36101842,18.9952366,184.2696825,147.3986157,201.0842782,218.0791803,Buy
2021-01-19,243.458,71.93144175,19.45313242,186.590793,148.3544305,204.2230724,221.7047259,Buy
2021-01-20,261.809,76.61316136,21.05409202,189.5405266,149.4833317,208.4886967,227.4339079,Buy
2021-01-21,270.369,78.42121379,22.75132144,192.7102707,150.6861741,213.0724229,233.5674925,Buy
2021-01-22,295.803,82.70071568,25.85070834,196.7531228,152.1301227,219.2006138,242.4582793,Buy
2021-01-25,288.321,77.81193933,27.38755325,200.3440199,153.4852558,224.3206424,249.0100965,Buy
2021-01-27,280.974,73.23389439,27.69343968,203.50598,154.7538005,228.5171874,253.5763685,Buy
2021-01-28,269.409,66.59221993,26.69493544,206.0904121,155.8946482,231.5462105,255.838173,Buy
2021-01-29,266.215,64.84316434,25.35362373,208.4482391,156.9923632,234.114269,257.3205768,Buy
2021-02-01,262.637,62.85163456,23.72838381,210.5732885,158.0435536,236.2270639,258.0800659,Buy
2021-02-02,283.09,68.75848593,23.8162171,213.4170811,159.2877969,239.6983925,261.6529136,Buy
2021-02-03,316.924,75.65472155,26.31263102,217.476176,160.8563163,245.4188079,269.5487831,Buy
2021-02-04,327.445,77.33047742,28.80793388,221.7886789,162.5139151,251.4948221,277.8196712,Buy
2021-02-05,323.527,75.25311356,30.12210069,225.778417,164.1160354,256.830539,284.3492896,Buy
2021-02-08,318.872,72.75248242,30.43710773,229.4291457,165.6558957,261.4262028,289.2811054,Buy
2021-02-09,334.497,75.67443475,31.58348524,233.5494537,167.3359067,266.8388544,295.7405189,Buy
2021-02-10,321.748,69.15773483,31.10470425,237.0082203,168.8723455,270.9061985,299.4558733,Buy
2021-02-11,328.988,70.70079041,30.95267124,240.6152704,170.465536,275.2085542,303.6747486,Buy
2021-02-12,326.461,69.39576305,30.27923601,243.9817696,172.0177297,279.0050317,306.9299274,Buy
2021-02-15,328.12,69.79001306,29.53889518,247.2813081,173.5709861,282.6431775,309.9570806,Buy
2021-02-16,335.694,71.5894374,29.22642422,250.7484725,175.1841505,286.572868,313.6337834,Buy
2021-02-17,326.689,66.51654299,27.93019854,253.7265324,176.6916614,289.5444334,315.4988143,Buy
2021-02-18,329.409,67.27095752,26.81332431,256.6944723,178.2112369,292.4973642,317.4859837,Buy
2021-02-19,324.496,64.44645897,25.24079522,259.3533557,179.6668067,294.8676335,318.4874146,Buy
2021-02-22,308.1,55.99657002,22.41316935,261.2649888,180.9447489,295.8478088,317.0034982,Buy
2021-02-23,297.196,51.18965181,19.07253746,262.6740481,182.1014778,295.9476748,314.1738556,Buy
2021-02-24,324.299,60.30984961,18.3999451,265.0907129,183.5163785,298.047773,315.6203048,Buy
2021-02-25,319.14,58.08505658,17.25175513,267.2102928,184.8658673,299.6101602,316.1231184,Buy
2021-02-26,339.103,63.66992144,17.74806492,270.0296146,186.4005651,302.5355557,319.4059586,Buy
2021-03-01,319.149,55.68338855,16.3428824,271.955865,187.721445,303.7661812,319.3692503,Buy
2021-03-02,329.434,58.56819596,15.87616809,274.2099095,189.1315202,305.6675011,320.8070717,Buy
2021-03-03,344.808,62.49800884,16.55599969,276.9784621,190.6805399,308.5667974,324.2357757,Buy
2021-03-04,352.454,64.31103504,17.50989624,279.9382871,192.2902261,311.8177013,328.2669506,Buy
2021-03-05,333.347,56.90715278,16.53350299,282.0327464,193.6937761,313.4124641,328.9926719,Buy
2021-03-08,325.647,54.19914834,14.96586152,283.7431093,195.0067435,314.318726,328.5147188,Buy
2021-03-09,320.652,52.45532865,13.16863972,285.1905168,196.256945,314.7878574,327.3914733,Buy
2021-03-10,315.688,50.70919766,11.21450139,286.3864965,197.4453137,314.8545347,325.7195485,Buy
2021-03-12,323.042,53.19494239,10.14232462,287.8239673,198.695032,315.4610136,325.3370416,Buy
2021-03-15,314.2,49.93431407,8.481373311,288.8583215,199.8443352,315.3676052,323.7460356,Buy
2021-03-16,311.939,49.10542735,6.903039683,289.7634461,200.959705,315.1136344,322.0593163,Buy
2021-03-17,316.506,50.87911606,5.952105476,290.8121737,202.1094194,315.2167726,321.2659854,Buy
2021-03-18,300.007,44.80425335,3.823081748,291.1727552,203.0835246,314.0901228,318.2289875,Buy
2021-03-19,306.928,47.62902582,2.663577895,291.7906079,204.116803,313.5595952,316.6145607,Buy
2021-03-22,307.103,47.70190737,1.738740655,292.3910939,205.1415413,313.0813289,315.2557663,Buy
2021-03-23,306.059,47.27919578,0.911056315,292.9270902,206.1456951,312.5611564,313.9419425,Buy
2021-03-24,309.617,48.93985523,0.536032329,293.5815965,207.1752603,312.3430707,313.3240936,Buy
2021-03-25,292.248,41.98694827,-1.149459766,293.5292986,208.0217552,310.8545469,310.3132231,Sell
2021-03-26,288.73,40.72491832,-2.737540925,293.3410908,208.8248224,309.2156916,307.2299055,Sell
2021-03-30,292.337,42.62898807,-3.662829117,293.3017147,209.6557893,307.9654182,305.1023476,Sell
2021-03-31,294.916,44.01377128,-4.140296171,293.36502,210.5041496,306.9987946,303.6471551,Sell
2021-04-01,302.472,47.97582001,-3.864439349,293.7221564,211.4192526,306.6634765,303.4792758,Sell
2021-04-05,307.902,50.67715995,-3.171110621,294.2782287,212.3792799,306.755219,304.1110935,Sell
2021-04-06,301.55,47.56570662,-3.09847859,294.5633962,213.2665508,306.3696472,303.745223,Sell
2021-04-07,309.612,51.62533242,-2.363140349,295.1535376,214.225212,306.6098215,304.583334,Sell
2021-04-08,308.172,50.8677713,-1.874962065,295.6640655,215.1600059,306.7255384,305.0960006,Sell
2021-04-09,311.078,52.38623746,-1.239301448,296.2685335,216.1144138,307.047943,305.9505719,Sell
2021-04-12,319.534,56.59039106,-0.052600948,297.1809048,217.1434644,307.9728361,307.8910617,Sell
2021-04-13,286.532,41.27332722,-1.75488858,296.7633006,217.8338976,306.384626,304.8397671,Sell
2021-04-15,301.876,48.28230952,-1.844568194,296.9637987,218.6701374,306.0506537,304.4163718,Sell
2021-04-16,301.439,48.10621401,-1.928669679,297.1392967,219.4937082,305.7090497,303.991033,Sell
2021-04-19,307.431,50.75818834,-1.494587711,297.542893,220.3687061,305.8366016,304.4824569,Sell
2021-04-20,298.905,47.07202128,-1.817599416,297.5963089,221.1501618,305.3231496,303.6856773,Sell
2021-04-22,300.271,47.72701369,-1.940989219,297.7011988,221.9374338,304.9489163,303.1978663,Sell
2021-04-23,290.799,43.68958768,-2.771143746,297.4305243,222.6226235,303.9007744,301.4265997,Sell
2021-04-26,288.908,42.90917379,-3.540818732,297.0963077,223.2821795,302.7901985,299.6382283,Sell
2021-04-27,289.465,43.23084178,-4.059056185,296.7970407,223.940715,301.8031467,298.1849099,Sell
2021-04-28,294.411,46.1331701,-4.024272923,296.7034705,224.6419119,301.2555803,297.64578,Sell
2021-04-29,300.884,49.75371719,-3.434795747,296.8674128,225.4005396,301.2280559,298.1083828,Sell
2021-04-30,298.584,48.50617085,-3.117287467,296.93473,226.1287333,301.0321999,298.1763281,Sell
2021-05-03,295.423,46.77043395,-3.085162319,296.8754464,226.8182284,300.6167036,297.7829955,Sell
2021-05-04,289.172,43.45857329,-3.523489769,296.5733505,227.438664,299.7689478,296.5528533,Sell
2021-05-05,287.726,42.70524317,-3.942105409,296.2263956,228.038538,298.8768776,295.2918743,Sell
2021-05-06,285.362,41.44051024,-4.413737544,295.8003408,228.6089207,297.8757755,293.8733208,Sell
2021-05-07,296.613,49.15788469,-3.835435228,295.8322098,229.2855782,297.7822366,294.2647035,Sell
2021-05-10,297.567,49.76244925,-3.26253814,295.9002408,229.9649953,297.7662931,294.7364602,Sell
2021-05-11,319.859,61.33281256,-0.998228021,296.8398,230.859463,299.4027899,298.3253944,Sell
2021-05-12,320.897,61.77428858,0.86998336,297.7832196,231.7553589,300.9949536,301.5499095,Buy
2021-05-14,323.445,62.89422356,2.527026655,298.7895639,232.6676937,302.65792,304.6777796,Buy
2021-05-17,308.978,53.33890685,2.642419246,299.1891104,233.4270002,303.1260741,305.2920968,Buy
2021-05-18,319.475,58.29045674,3.540081028,299.9846355,234.2831992,304.3371057,307.3182258,Buy
2021-05-19,331.362,63.06971655,5.151285204,301.2151204,235.2491574,306.3389497,310.7530507,Buy
2021-05-20,313.257,53.09134089,4.91064705,301.687351,236.0253548,306.8513979,311.1107577,Buy
2021-05-21,305.603,49.52411734,4.055575595,301.8409058,236.7176697,306.7589239,310.3239352,Buy
2021-05-24,311.84,52.33460571,3.836968892,302.2330272,237.4651556,307.1352999,310.5405159,Buy
2021-05-25,310.171,51.50811345,3.488830093,302.5443202,238.1885968,307.3601666,310.4877279,Buy
2021-05-26,313.464,53.08247686,3.439002485,302.972543,238.9376058,307.8123024,310.9129096,Buy
2021-05-27,311.3,51.89021517,3.188146069,303.2991099,239.6576296,308.0706504,310.9682083,Buy
2021-05-28,316.148,54.36322258,3.342009035,303.802988,240.4187279,308.6689726,311.7081785,Buy
2021-05-31,318.322,55.46867295,3.597895872,304.372361,241.1938848,309.3840117,312.6530102,Buy
2021-06-01,318.007,55.25980619,3.732247144,304.9070527,241.9581944,310.0227515,313.4178658,Buy
2021-06-02,317.177,54.67559842,3.728764556,305.3882271,242.7066402,310.5526959,313.954885,Buy
2021-06-03,318.913,55.72980499,3.822027319,305.9186104,243.4649125,311.1719777,314.6631872,Buy
2021-06-04,325.401,59.5193488,4.369101822,306.6826256,244.2801969,312.2259793,316.1971604,Buy
2021-06-07,332.649,63.29895027,5.326119147,307.7009148,245.1594885,313.7387957,318.5474232,Buy
2021-06-08,343.51,68.10470359,6.881627089,309.1051927,246.1381005,315.94407,322.1135056,Buy
2021-06-09,353.695,71.82988564,8.834385425,310.8538126,247.2083184,318.7404352,326.6251477,Buy
2021-06-10,348.463,67.47049167,9.846280013,312.3286827,248.2158277,320.9421067,329.7448409,Buy
2021-06-11,345.011,64.68124422,10.25149338,313.6103422,249.1789638,322.7249877,331.9257207,Buy
2021-06-14,353.623,68.21190205,11.13913926,315.179466,250.2182079,325.0137293,335.0253321,Buy
2021-06-15,358.433,70.01484612,12.09135025,316.875683,251.294972,327.4892309,338.3692846,Buy
2021-06-16,351.22,64.13992922,12.12419533,318.222519,252.2892509,329.2470656,340.2051011,Buy
2021-06-17,348.754,62.21777646,11.81504323,319.419832,253.2490991,330.6920237,341.4263724,Buy
2021-06-18,341.483,56.81169114,10.8581629,320.2850542,254.1270484,331.4913553,341.434462,Buy
2021-06-21,331.092,50.11059495,9.155818894,320.708856,254.8928688,331.4617734,339.9569675,Buy
2021-06-22,335.126,52.45522416,8.039534347,321.2742342,255.6912084,331.7331976,339.2668293,Buy
2021-06-23,334.374,51.96494554,7.013345207,321.7879505,256.4741218,331.9288126,338.5678536,Buy
2021-06-24,334.34,51.94130743,6.126714455,322.2801878,257.2489066,332.1074191,337.9638746,Buy
2021-06-25,333.35,51.21083275,5.283266265,322.7142981,258.0061314,332.1994621,337.3047496,Buy
2021-06-28,333.356,51.21531067,4.562715503,323.1316197,258.7558814,332.2851316,336.7406425,Buy
2021-06-29,348.908,61.16475626,5.186800057,324.1424581,259.6529174,333.5164552,338.4788365,Buy
2021-06-30,339.583,54.04712897,4.872771716,324.7479696,260.4482416,333.9658289,338.6365741,Buy
2021-07-01,334.594,50.65109388,4.173225047,325.1340884,261.1860103,334.0123601,338.0590635,Buy
2021-07-02,347.968,58.22837513,4.644460848,326.0295359,262.0495127,335.0461112,339.4746259,Buy
2021-07-05,348,58.24489547,4.963287063,326.8911228,262.9047414,336.0056585,340.6925365,Buy
2021-07-06,344.212,55.44927646,4.854341368,327.5703729,263.7137689,336.6135356,341.195317,Buy
2021-07-07,318.576,41.07900415,2.668627888,327.2176523,264.2596617,335.2774219,337.963986,Buy
2021-07-08,318.552,41.06827362,0.923848063,326.8778228,264.799884,334.0385017,335.1908451,Buy
2021-07-09,298.739,33.32831911,-2.034197078,325.7743396,265.1375867,331.4237238,329.9834387,Sell
2021-07-12,301.892,35.41437641,-4.077050711,324.8377773,265.5033022,329.2361887,325.970376,Sell
2021-07-13,304.538,37.19045042,-5.420038022,324.0417076,265.8917072,327.4066933,322.908608,Sell
2021-07-14,304.47,37.16216713,-6.415893744,323.2741896,266.2755708,325.707679,320.2745211,Sell
2021-07-15,309.078,40.46624353,-6.755417245,322.7174763,266.7014656,324.4758509,318.6750181,Sell
2021-07-16,310.856,41.73918779,-6.802606115,322.2523204,267.1408142,323.466973,317.5580155,Sell
2021-07-19,308.904,40.71003393,-6.917769976,321.7288568,267.5563683,322.3882343,316.3217276,Sell
2021-07-20,307.451,39.92097768,-7.045071918,321.1689409,267.9533298,321.2817725,315.0544808,Sell
2021-07-22,301.232,36.64693883,-7.560626751,320.3871001,268.2844608,319.7966042,313.0798407,Sell
2021-07-23,301.795,37.14947129,-7.833478808,319.6579981,268.617899,318.463152,311.4677206,Sell
2021-07-26,296.129,34.20854604,-8.409969978,318.7352923,268.8916413,316.8087704,309.2764748,Sell
2021-07-27,289.788,31.22896747,-9.271631493,317.6001043,269.0995653,314.8072318,306.492407,Sell
2021-07-28,287.576,30.23948817,-10.01751865,316.4226885,269.2834104,312.7901035,303.7900631,Sell
2021-07-29,286.694,29.83358478,-10.55810238,315.2568576,269.4566501,310.8570588,301.3477684,Sell
2021-07-30,288.591,31.94933334,-10.70998876,314.2111377,269.6470417,309.2077211,299.5253729,Sell
2021-08-02,292.971,36.69568122,-10.3575352,313.3781911,269.8791209,308.0050011,298.5890339,Sell
2021-08-03,298.629,42.29475262,-9.51201135,312.7997914,270.1651893,307.3104825,298.5947434,Sell
2021-08-04,301.564,45.0117094,-8.507033846,312.3591722,270.4776153,306.8848171,299.0189229,Sell
2021-08-05,299.556,43.50259262,-7.78289439,311.857087,270.7669524,306.3419418,299.0956482,Sell
2021-08-06,299.383,43.3676868,-7.140655279,311.3679071,271.0516892,305.8264646,299.1366984,Sell
2021-08-09,302.19,46.27869282,-6.332181272,311.0079892,271.3615232,305.5570968,299.5728844,Sell
2021-08-10,298.415,43.07216693,-5.927739457,310.5141465,271.630712,305.0280526,299.4074723,Sell
2021-08-11,289.163,36.41308324,-6.281367784,309.6768466,271.8051626,303.8528635,297.9439763,Sell
2021-08-12,288.304,35.85876987,-6.555368693,308.8386958,271.9693302,302.7010959,296.5668368,Sell
2021-08-13,299.814,47.41086547,-5.777160075,308.4847861,272.2463915,302.4872369,297.0307173,Sell
2021-08-16,306.165,52.49497092,-4.594983408,308.3938141,272.5838901,302.7596638,298.3356148,Sell
2021-08-17,299.491,47.31802199,-4.148810995,308.0446841,272.8516226,302.5175406,298.5006698,Sell
2021-08-18,300.437,48.09932377,-3.676501429,307.7463436,273.1261039,302.3634265,298.7772884,Sell
2021-08-20,288.629,40.10433353,-4.206509587,306.9966438,273.2803616,301.3460615,297.3275329,Sell
2021-08-23,288.052,39.75657953,-4.619849203,306.2537166,273.4273431,300.3613162,296.0024568,Sell
2021-08-24,277.313,33.86993393,-5.747715293,305.1187866,273.4660063,298.6540336,293.3325344,Sell
2021-08-25,275.769,33.1108371,-6.689038124,303.9678145,273.4889217,296.9588459,290.8234581,Sell
2021-08-26,281.372,38.49765747,-6.903350449,303.0817042,273.5673603,295.8042647,289.4732498,Sell
2021-08-27,284.955,41.72940238,-6.706764943,302.370853,273.6806701,295.0006155,288.8277855,Sell
2021-08-30,288.232,44.59684183,-6.214901485,301.8163882,273.8254595,294.4992365,288.7426733,Sell
2021-08-31,291.725,47.55909251,-5.480069413,301.4206475,274.0035644,294.2937375,289.16872,Sell
2021-09-01,287.546,44.4939761,-5.175262869,300.8765437,274.138315,293.7939051,288.9369028,Sell
2021-09-02,300.992,54.62656632,-3.804861583,300.8810714,274.4055158,294.3270973,290.6590596,Sell
2021-09-03,292.224,48.41941901,-3.387266711,300.5415784,274.5828142,294.1713124,290.8826225,Sell
2021-09-06,296.443,51.28769225,-2.684931508,300.3808498,274.8003285,294.3395855,291.6769621,Sell
2021-09-07,300.588,53.99441953,-1.773416103,300.3889733,275.0569222,294.802431,292.9499675,Sell
2021-09-08,296.292,50.84125605,-1.381756842,300.2283077,275.2682165,294.9127695,293.4274007,Sell
2021-09-09,295.294,50.10916395,-1.138767314,300.0348055,275.467478,294.9410088,293.6940578,Sell
2021-09-13,300.001,53.50942826,-0.559926319,300.0334798,275.7115927,295.3158229,294.5950495,Sell
2021-09-14,299.53,53.11930158,-0.137610139,300.0137355,275.9485918,295.6279842,295.3000425,Sell
2021-09-15,301.455,54.57692837,0.348393821,300.0702556,276.2023869,296.059615,296.1793221,Buy
2021-09-16,315.134,63.3074219,1.816398133,300.6609907,276.5897661,297.4725324,298.8871332,Buy
2021-09-17,311.711,60.18980693,2.672784439,301.0943244,276.9392311,298.5272337,300.7191142,Buy
2021-09-20,310.251,58.8584116,3.196816053,301.4534097,277.2706915,299.3956608,302.0808122,Buy
2021-09-21,299.271,49.91594121,2.695053744,301.367825,277.4896,299.3864267,301.6794104,Buy
2021-09-22,301.573,51.57701229,2.45485759,301.3758711,277.7292359,299.5483951,301.6642089,Buy
2021-09-23,309.324,56.77527304,2.857007526,301.6875624,278.0436116,300.272514,302.7584648,Buy
2021-09-24,322.025,63.65959408,4.152708956,302.485109,278.4812374,301.8838092,305.510827,Buy
2021-09-27,325.677,65.36759854,5.411862967,303.3945949,278.950847,303.6462678,308.3917088,Buy
2021-09-28,327.834,66.37289188,6.508774365,304.353003,279.4372465,305.4379517,311.169179,Buy
2021-09-29,322.466,61.58205462,6.865787292,305.0633166,279.8653933,306.6992886,312.7830106,Buy
2021-09-30,328.46,64.65033404,7.54540953,305.9808336,280.3489217,308.3111931,315.0225805,Buy
2021-10-01,337.966,68.89339389,8.750202913,307.2351538,280.922226,310.5078455,318.3002119,Buy
2021-10-04,337.138,68.12633959,9.528360658,308.4078145,281.4815869,312.4804495,320.9913244,Buy
2021-10-05,338.642,68.80573938,10.14942031,309.5934688,282.0503472,314.4183422,323.5128495,Buy
2021-10-06,345.457,71.74471428,11.06398932,310.9998818,282.6812592,316.717502,326.6477282,Buy
2021-10-07,332.331,60.01624751,10.60735832,311.8363962,283.1752865,317.8740574,327.4596241,Buy
2021-10-08,373.008,74.13013587,13.37360631,314.2352826,284.0691443,321.9580532,333.966535,Buy
2021-10-11,384.593,76.65736602,16.31264839,316.9944088,285.0693817,326.5976789,341.1988871,Buy
2021-10-12,419.048,82.22041774,21.17796457,320.9965104,286.4025023,333.4458508,352.320189,Buy
2021-10-13,441.94,84.81054752,26.5746201,325.7393924,287.9501391,341.4824544,365.1230191,Buy
2021-10-14,507.84,89.5363048,35.7569044,332.8805927,290.1380979,353.8052356,385.5111592,Buy
2021-10-18,501.878,86.90209254,42.06791456,339.507942,292.2449626,364.7735885,402.1349936,Buy
2021-10-19,509.666,87.42263932,47.15429672,346.180807,294.408356,375.5063597,417.496566,Buy
2021-10-20,480.781,75.44623292,48.29776653,351.4592459,296.2628102,383.3044812,426.5371994,Buy
2021-10-21,492.334,76.81436698,49.56485238,356.9837461,298.2137673,391.3807419,435.9367423,Buy
2021-10-22,507.96,78.55487798,51.23926035,362.9043835,300.3007945,400.0162425,446.2257792,Buy
2021-10-25,488.72,71.44337034,50.43238044,367.8383293,302.1756124,406.5868912,452.2963821,Buy
2021-10-26,484.836,70.06443163,48.91564683,372.4264732,303.9931287,412.3831215,456.944899,Buy
2021-10-27,512.116,73.87805935,49.34606185,377.9044939,306.0640031,419.7707421,464.8264848,Buy
2021-10-28,496.045,68.3535339,47.83891621,382.5374549,307.9543612,425.4206871,469.2862727,Buy
2021-10-29,488.009,65.70761275,45.47188283,386.6735939,309.7459497,430.0568585,471.960948,Buy
2021-11-01,480.957,63.38869783,42.5366187,390.3709824,311.4495422,433.8272393,473.2460983,Buy
2021-11-02,487.74,64.67987418,40.29325656,394.1893752,313.2036761,437.8207771,475.3166557,Buy
2021-11-03,478.855,61.61456643,37.36767932,397.5095958,314.851948,440.8603492,475.8221335,Buy
2021-11-04,480.768,62.0317885,34.80232188,400.7746313,316.502854,443.8164715,476.5286858,Buy
2021-11-08,490.674,64.20164935,33.18604102,404.3000967,318.2359002,447.2873995,478.549445,Buy
2021-11-09,510.192,68.07323071,33.09852705,408.4527204,320.1459112,451.9469996,483.06981,Buy
2021-11-10,508.118,67.24104937,32.48732349,412.3611627,322.0162802,456.1078144,486.6481229,Buy
2021-11-11,506.624,66.60936023,31.51905491,416.0577446,323.853173,459.8497541,489.5018196,Buy
2021-11-12,506.797,66.64843221,30.41504899,419.6161467,325.6735095,463.3273279,491.9725596,Buy
2021-11-15,504.028,65.33072286,28.98258795,422.9264155,327.4481811,466.3421925,493.6947654,Buy
2021-11-16,502.124,64.38804438,27.37811747,426.0322031,329.1862489,468.9926967,494.8989418,Buy
2021-11-17,514.493,67.65337686,26.79575322,429.501254,331.0300972,472.3630896,497.698093,Buy
2021-11-18,522.164,69.51996752,26.64605185,433.1350872,332.9319271,476.0520459,501.1932225,Buy
2021-11-22,508.823,62.73918104,25.16086642,436.1032406,334.682087,478.479524,502.2831907,Buy
2021-11-23,481.39,51.5950091,21.52213862,437.8791919,336.1418673,478.6951148,499.2984492,Buy
2021-11-24,492.234,54.99786068,19.2910654,440.010753,337.6950228,479.6979952,498.2892422,Buy
2021-11-25,492.62,55.11880897,17.35402439,442.0738608,339.2365649,480.6551807,497.4793504,Buy
2021-11-26,493.227,55.32215926,15.68705465,444.0798662,340.768808,481.5864266,496.8718718,Buy
2021-11-29,463.719,44.71558547,11.84833985,444.8500283,341.992193,480.2629135,492.1357473,Buy
2021-11-30,463.349,44.60011827,8.676260279,445.5754782,343.1997234,479.010031,488.0233548,Buy
2021-12-01,460.93,43.80372139,5.899169328,446.1776163,344.3711689,477.6707695,484.1528755,Buy
2021-12-02,469.474,47.37786548,4.337731468,447.0912,345.6159732,477.0636014,482.0558933,Buy
2021-12-03,480.278,51.57223728,3.92680743,448.3926431,346.9558939,477.301705,481.8019086,Buy
2021-12-06,479.979,51.45001363,3.536256604,449.6313238,348.2795069,477.5000231,481.5414931,Buy
2021-12-07,466.631,46.18749785,2.125172548,450.2979778,349.4571337,476.6949103,479.4114226,Buy
2021-12-08,478.021,50.81097135,1.904007859,451.3851551,350.7363761,476.7931392,479.2127908,Buy
2021-12-09,500.061,58.28055301,3.467209225,453.2940118,352.2221933,478.5166844,482.1911064,Buy
2021-12-10,499.405,57.99824719,4.600096799,455.1022858,353.6866988,480.063967,484.6502341,Buy
2021-12-13,499.359,57.97703962,5.431594508,456.8378432,355.1361745,481.4932287,486.7514863,Buy
2021-12-14,499.439,58.00579918,6.02753608,458.5084768,356.5720235,482.8225451,488.5639883,Buy
2021-12-15,497.966,57.22917579,6.308247727,460.0558307,357.9789287,483.9442825,489.9071328,Buy
2021-12-16,496.064,56.18316137,6.304563145,461.4679158,359.3529095,484.8420394,490.7866853,Buy
2021-12-17,495.583,55.90487681,6.191459121,462.8057622,360.7084328,485.6376661,491.4718731,Buy
2021-12-20,481.678,48.43590281,4.92305615,463.54585,361.9121101,485.3443575,490.0727484,Buy
2021-12-21,444.776,35.05189124,0.929440646,462.8097774,362.7366264,482.339294,483.6017843,Buy
2021-12-22,455.528,40.23389685,-1.352342905,462.5242175,363.6599237,480.3532722,479.5912437,Sell
2021-12-23,464.587,44.26856034,-2.401998473,462.6051109,364.6641732,479.1854002,477.4477803,Sell
2021-12-24,466.746,45.21774208,-3.02477707,462.7674987,365.6799128,478.2639631,475.9189546,Sell
2021-12-27,467.772,45.69111067,-3.396392472,462.9637537,366.6957544,477.4867807,474.7551039,Sell
2021-12-28,472.318,47.84166291,-3.286194938,463.3305869,367.746722,477.103908,474.4069462,Sell
2021-12-29,478.627,50.75605318,-2.659126272,463.9304462,368.8500084,477.2167297,475.009811,Sell
2021-12-30,472.583,47.98962175,-2.619672175,464.2697621,369.8821775,476.8734904,474.6631237,Sell
2021-12-31,470.661,47.1102727,-2.712228968,464.5203988,370.8849518,476.413306,474.0913918,Sell
2022-01-03,480.1,51.78300985,-2.000867722,465.1313636,371.9716687,476.6863944,474.9497644,Sell
2022-01-04,503.132,60.86796532,0.416579041,466.6215846,373.2767466,478.6453281,478.975798,Buy
2022-01-05,497.097,57.79509661,1.824418197,467.816699,374.508789,480.0121187,481.5645412,Buy
2022-01-06,498.248,58.22822918,2.998452656,469.0100833,375.7400249,481.3629247,483.9478924,Buy
2022-01-07,496.888,57.47763517,3.775619794,470.1033349,376.9454774,482.5129303,485.7964792,Buy
2022-01-10,493.856,55.75216207,4.099615474,471.034812,378.1087662,483.3531576,486.9478393,Buy
2022-01-11,512.704,63.15656686,5.810283139,472.6688978,379.4480222,485.5272941,490.6272909,Buy
2022-01-12,506.13,59.42156118,6.559914122,473.9810979,380.7085394,487.0534205,492.8419636,Buy
2022-01-13,510.907,61.21642229,7.453546213,475.4291725,382.0040465,488.8203523,495.4226831,Buy
2022-01-14,508.733,59.91751461,7.895320117,476.7352049,383.2650311,490.2953632,497.3241569,Buy
2022-01-17,505.097,57.71192397,7.861412832,477.8474322,384.4772895,491.3917808,498.4345631,Buy
2022-01-18,522.554,64.47357886,9.137839742,479.6006309,385.8511871,493.7000933,501.8801969,Buy
2022-01-19,510.099,57.41931233,9.040193136,480.7966454,387.0874837,494.9148271,503.0543117,Buy
2022-01-20,518.769,60.64711318,9.552291172,482.2857574,388.3977476,496.6818029,505.2992671,Buy
2022-01-21,519.825,61.03455209,9.928888879,483.7578845,389.7054814,498.3961138,507.3743718,Buy
2022-01-24,505.024,53.13790241,8.93008778,484.5918498,390.8529294,498.8870683,507.0386044,Buy
2022-01-25,473.692,41.03470389,5.54636512,484.1644047,391.6771988,497.020767,502.2748038,Buy
2022-01-27,479.824,43.73572031,3.321256312,483.9941928,392.5542814,495.7469324,499.0675461,Buy
2022-01-28,496.665,50.44898416,2.883529965,484.4910872,393.5902089,495.8149374,498.7243252,Buy
2022-01-31,495.914,50.1615564,2.4478124,484.9390446,394.6083561,495.8222754,498.3228502,Buy
2022-02-01,506.424,54.10260487,2.9169475,485.7815918,395.7209495,496.6075883,499.4801573,Buy
2022-02-02,505.502,53.7014187,3.177712066,486.5549412,396.8132983,497.2664336,500.3404206,Buy
2022-02-03,510,55.43750184,3.70461636,487.4743552,397.9395341,498.2096608,501.7203605,Buy
2022-02-04,504.384,52.77655496,3.627215265,488.1374786,398.9986831,498.6670192,502.1008804,Buy
2022-02-07,508.247,54.39798739,3.833397138,488.9260872,400.085731,499.3766474,502.9788975,Buy
2022-02-08,495.814,48.61267734,2.959443938,489.1962015,401.0382511,499.1127476,501.9553407,Buy
2022-02-09,492.811,47.30407866,2.001441358,489.3379583,401.9514128,498.6459515,500.6490063,Buy
2022-02-10,512.404,55.68575004,2.791035446,490.2425089,403.0504435,499.6650662,502.3282911,Buy
2022-02-11,507.864,53.55989832,3.015691378,490.9335478,404.0933644,500.2723946,503.1191067,Buy
2022-02-14,504.528,51.98932595,2.89121735,491.4666636,405.092714,500.5876247,503.3203772,Buy
2022-02-15,483.43,43.33460645,1.077715278,491.1515003,405.8721895,499.3166895,500.4788947,Buy
2022-02-16,514.975,55.31289906,2.161008922,492.0857552,406.9577896,500.4765643,502.5497669,Buy
2022-02-17,503.615,51.12190968,2.07890555,492.5378824,407.9195529,500.7090411,502.7019431,Buy
2022-02-18,512.587,54.08112774,2.706603415,493.3241223,408.9610201,501.5888899,504.114094,Buy
2022-02-21,492.647,47.23634596,1.576889737,493.2975685,409.7937164,500.9265277,502.4759378,Buy
2022-02-22,497.917,49.07097953,1.094215036,493.4787227,410.670565,500.7035997,501.8246609,Buy
2022-02-23,481.403,43.91773497,-0.613774717,493.0051649,411.3743703,499.2739256,498.9072808,Sell
2022-02-24,477.122,42.66683079,-2.286453016,492.3822957,412.0285756,497.6330423,495.7950978,Sell
2022-02-25,437.672,33.26422916,-6.717908059,490.2367939,412.283734,493.1914836,487.4917981,Sell
2022-02-28,461.54,41.64340492,-8.209288415,489.1114295,412.7738461,490.8469292,483.7843984,Sell
2022-03-02,456.969,40.59225261,-9.648833839,487.850942,413.2135989,488.337453,479.9536272,Sell
2022-03-03,449.066,38.77011189,-11.29716334,486.3299639,413.5703392,485.4284565,475.541109,Sell
2022-03-04,436.897,36.08413281,-13.43059343,484.3914163,413.8024453,481.8335338,470.020522,Sell
2022-03-07,405.617,30.27752516,-17.4442997,481.3022235,413.7209981,476.1878646,460.8200189,Sell
2022-03-08,393.764,28.41178584,-21.33568439,477.869352,413.522421,470.0823932,451.2405876,Sell
2022-03-09,394.506,28.70794966,-24.08215747,474.6002009,413.3332028,464.4841418,443.1356465,Sell
2022-03-10,400.08,31.01672679,-25.5148625,471.6778401,413.2013302,459.7134646,436.9848399,Sell
2022-03-11,434.534,43.25049744,-23.5981173,470.2212189,413.4135955,457.8483191,436.6347199,Sell
2022-03-14,420.414,40.11100252,-22.95385121,468.2679947,413.4832513,455.0754066,434.3174742,Sell
2022-03-15,409.556,37.83653441,-23.05366722,465.9655635,413.4441742,451.7035987,430.7801207,Sell
2022-03-16,410.166,38.04906863,-22.82048982,463.7773453,413.4115555,448.6267395,427.8352463,Sell
2022-03-17,426.385,43.5731303,-21.08391505,462.3109788,413.5406445,446.9792033,427.6280683,Sell
2022-03-21,438.35,47.30601869,-18.5286053,461.3713326,413.7875038,446.340003,429.1597728,Sell
2022-03-22,431.109,45.35071719,-16.89305943,460.1845745,413.959857,445.2117806,429.4382339,Sell
2022-03-23,436.978,47.25371994,-14.95095301,459.2745127,414.1888932,444.6018709,430.5153433,Sell
2022-03-24,438.768,47.85018,-13.11618641,458.4703358,414.4334615,444.1697323,431.6942943,Sell
2022-03-25,430.749,45.37472301,-12.16891131,457.3832246,414.5958051,443.175604,431.5592522,Sell
2022-03-28,427.833,44.47371794,-11.52068253,456.2243922,414.7275185,442.0391148,431.0269305,Sell
2022-03-29,430.78,45.64835379,-10.64643284,455.2265729,414.8872447,441.2051063,430.9916547,Sell
2022-03-30,433.983,46.96163069,-9.584642538,454.3934916,415.0772522,440.6701355,431.4189897,Sell
2022-03-31,434.354,47.12100871,-8.61393341,453.6076292,415.2690607,440.2022736,431.8382769,Sell
2022-04-01,438.662,49.03609106,-7.411583712,453.0215261,415.5018262,440.0881792,432.8130945,Sell
2022-04-04,443.21,51.05154433,-6.02230593,452.6367604,415.7775294,440.3194252,434.2983667,Sell
2022-04-05,442.62,50.77103825,-4.912275691,452.2439462,416.0446187,440.4898382,435.4871715,Sell
2022-04-06,455.167,56.27342859,-2.985713245,452.3585758,416.4338961,441.5770353,438.2985755,Sell
2022-04-07,459.592,58.05407841,-1.089281548,452.6422395,416.86333,442.9114772,441.3404933,Sell
2022-04-08,453.692,54.8470013,-0.061715045,452.6834066,417.2297844,443.7100344,443.1049943,Sell
2022-04-11,455.721,55.75227996,0.905919282,452.8025279,417.6127816,444.5997356,444.9072808,Buy
2022-04-12,459.966,57.66468051,1.992345957,453.0834484,418.0342067,445.7379774,447.0585264,Buy
2022-04-13,439.429,47.06625012,1.182550947,452.5479798,418.2470902,445.2706457,445.9685941,Buy
2022-04-18,435.753,45.4558112,0.241377638,451.8893531,418.4212783,444.5656349,444.5092235,Buy
2022-04-19,435.342,45.26930662,-0.531545924,451.2404373,418.5896437,443.8824027,443.1996201,Sell
2022-04-20,428.253,42.06352734,-1.696559588,450.3389692,418.6857965,442.7246692,441.0643887,Sell
2022-04-21,440.048,48.58728695,-1.649073888,449.9354018,418.8983558,442.5263974,440.9191903,Sell
2022-04-22,446.9,51.97070894,-1.046478836,449.8163664,419.1769791,442.850368,441.7735917,Sell
2022-04-25,435.755,46.59903137,-1.45149435,449.2649403,419.3419345,442.3247851,440.9137929,Sell
2022-04-26,429.524,43.86897778,-2.249332781,448.4907858,419.4432486,441.3765788,439.2866796,Sell
2022-04-27,432.755,45.64717646,-2.591042858,447.8736961,419.5757038,440.7379434,438.3535825,Sell
2022-04-28,422.961,41.36898674,-3.610524624,446.8967276,419.6093884,439.4211327,436.1546422,Sell
2022-04-29,431.439,46.07999674,-3.691810627,446.2905422,419.7270959,438.8298637,435.480979,Sell
2022-05-02,437.484,49.21344792,-3.231202104,445.9451877,419.9037816,438.73017,435.7671249,Sell
2022-05-04,432.758,46.91786311,-3.210506514,445.428043,420.0316842,438.2877871,435.3372499,Sell
2022-05-05,420.463,41.49504224,-4.138502772,444.4490217,420.0359759,436.9674325,433.212357,Sell
2022-05-06,433.727,48.42115154,-3.760306076,444.0285503,420.172205,436.7274004,433.2858775,Sell
2022-05-09,411.061,39.75914083,-5.229259593,442.7357052,420.0815463,434.8261856,430.110895,Sell
2022-05-10,401.525,36.77822058,-7.081262951,441.1195991,419.896904,432.3594311,426.0271957,Sell
2022-05-11,393.431,34.41938274,-9.097239794,439.249458,419.6335617,429.4758436,421.3705963,Sell
2022-05-12,388.926,33.14516447,-10.9324098,437.275989,419.3280138,426.4721515,416.735654,Sell
2022-05-13,372.763,28.99742018,-13.53499132,434.7460679,418.8646803,422.4936958,410.4538463,Sell
2022-05-16,393.854,39.61614806,-13.73733306,433.1424574,418.6158179,420.3722369,408.0824397,Sell
2022-05-17,401.315,42.87105884,-13.14413263,431.8943218,418.4436704,418.9605897,407.1156626,Sell
2022-05-18,429.53,53.15479872,-10.27881454,431.8016033,418.5539821,419.743509,410.3177108,Sell
2022-05-19,414.988,48.32634951,-9.076815296,431.1422463,418.5184997,419.3912491,410.9848949,Sell
2022-05-20,407.247,45.93435372,-8.649154179,430.2051778,418.4063455,418.4916751,410.4509099,Sell
2022-05-23,417.485,49.49488285,-7.398819637,429.7063473,418.3971779,418.4171065,411.45578,Sell
2022-05-24,429.865,53.48407546,-5.347317422,429.712569,418.5112856,419.2650986,414.0856685,Sell
2022-05-25,429.838,53.47415524,-3.681230873,429.7174879,418.6239892,420.0482765,416.3360016,Sell
2022-05-26,414.665,48.077428,-3.544322826,429.1271942,418.5845963,419.6495153,416.0972871,Sell
2022-05-27,422.632,50.88058709,-2.761123384,428.8724807,418.6248689,419.8704401,417.0308175,Sell
2022-05-30,427.433,52.54327554,-1.733054039,428.8160305,418.712512,420.4306297,418.5168436,Sell
2022-05-31,444.215,57.90697619,0.430898343,429.4199116,418.9662681,422.1924349,422.1880088,Buy
2022-06-01,443.192,57.48049111,2.039785271,429.9599935,419.2073202,423.7479583,425.188579,Buy
2022-06-02,442.666,57.2470267,3.235103688,430.4582683,419.4407399,425.1492947,427.6853534,Buy
2022-06-03,438.479,55.32087214,3.800733744,430.7728068,419.6301753,426.1366803,429.2273029,Buy
2022-06-06,427.43,50.49281423,3.319176281,430.6417163,419.7077855,426.2324817,428.9705453,Buy
2022-06-07,424.468,49.25186811,2.667777399,430.3996098,419.7551508,426.1017794,428.3273246,Buy
2022-06-08,431.925,52.4221093,2.721880527,430.459429,419.8762439,426.5331291,428.8412782,Buy
2022-06-09,431.999,52.45385171,2.73915357,430.5198044,419.9968683,426.9380084,429.2923813,Buy
2022-06-10,429.886,51.39935604,2.552912751,430.4949493,420.0952676,427.1563781,429.377184,Buy
2022-06-13,430.398,51.65298116,2.418747862,430.4911474,420.1977824,427.3964983,429.5230149,Buy
2022-06-14,401.055,39.06935701,-0.054683295,429.3367886,420.0073069,425.4452762,425.4561556,Buy
2022-06-15,403.092,40.15923697,-1.829437811,428.3075812,419.8389954,423.7894779,422.2612762,Sell
2022-06-16,413.338,45.44519733,-2.381721972,427.7205388,419.7743089,423.0152944,420.9865225,Sell
2022-06-17,393.041,38.23914885,-4.40641501,426.3605569,419.5083058,420.7949763,416.994305,Sell
2022-06-20,389.183,37.03699518,-6.250258103,424.9026135,419.2065615,418.4533484,413.0212614,Sell
2022-06-21,389.046,36.99252092,-7.634565276,423.4964718,418.9064564,416.2750263,409.5962241,Sell
2022-06-22,394.315,39.97774936,-8.211813743,422.3521004,418.6617653,414.6483577,407.4131921,Sell
2022-06-23,390.76,38.64729299,-8.854081758,421.1131945,418.3841358,412.8788497,405.0341646,Sell
2022-06-24,403.138,45.4540516,-8.268963174,420.4082849,418.2324329,412.1573053,404.763284,Sell
2022-06-27,403.686,45.74105873,-7.672588635,419.752509,418.0876923,411.5298012,404.6093863,Sell
2022-06-28,411.637,49.86311072,-6.483638912,419.4342538,418.0235063,411.5377418,405.6133311,Sell
2022-06-29,415.115,51.59540336,-5.20079068,419.2648713,417.994566,411.8027239,406.9707123,Sell
2022-06-30,416.81,52.45752876,-4.001228211,419.1686018,417.9827792,412.1736333,408.3763249,Sell
2022-07-01,411.154,49.30199584,-3.466992907,418.8543037,417.9148312,412.0981049,408.7731356,Sell
2022-07-04,412.25,49.93052262,-2.921492393,418.5953114,417.8584647,412.1093564,409.2698305,Sell
2022-07-05,407.004,46.93136999,-2.879296921,418.1407502,417.7504601,411.7311818,408.9461404,Sell
2022-07-06,407.7,47.38293957,-2.757903922,417.731309,417.6504555,411.4325758,408.7681204,Sell
2022-07-07,418.29,53.82162031,-1.786580018,417.7532184,417.6568191,411.9405331,410.1283889,Sell
2022-07-08,429.524,59.48538463,-0.10905183,418.2148177,417.7749005,413.2430121,412.8991905,Sell
2022-07-11,444.487,65.54669249,2.400123266,419.2450994,418.0406926,415.5573816,417.4117347,Buy
2022-07-12,437.65,61.05213379,3.793247649,419.9668602,418.23581,417.1938719,420.3029155,Buy
2022-07-13,429.832,56.29827645,4.217840853,420.3537284,418.351195,418.1300295,421.6642132,Buy
2022-07-14,427.659,55.015996,4.329088055,420.6402096,418.44381,418.8358792,422.5206114,Buy
2022-07-15,424.162,52.92677704,4.087950244,420.7783191,418.5007074,419.2304066,422.7550954,Buy
2022-07-18,434.465,57.98868252,4.674330018,421.3150516,418.6595561,420.358895,424.427939,Buy
2022-07-19,452.171,64.96175107,6.492920098,422.5250888,418.9930033,422.7153473,428.3912334,Buy
2022-07-20,448.683,62.75208575,7.56550298,423.5508893,419.2884261,424.6388771,431.2900572,Buy
2022-07-21,457.561,65.92880938,9.02784566,424.8846191,419.6692478,427.0775529,435.043049,Buy
2022-07-22,460.536,66.94612649,10.30799624,426.2827125,420.0758821,429.5559564,438.6848992,Buy
2022-07-25,459.876,66.47194015,11.14084361,427.6000963,420.4719032,431.8018855,441.7121993,Buy
2022-07-26,454.536,62.60795783,11.24041526,428.6564062,420.8108494,433.485894,443.5441708,Buy
2022-07-27,441.954,54.56034634,10.18663903,429.1778805,421.021229,434.1131611,443.3170036,Buy
2022-07-28,444.511,55.80368449,9.448921032,429.7791793,421.2549581,434.8833714,443.4875745,Buy
2022-07-29,443.667,55.26614568,8.695929195,430.3237997,421.4779635,435.5340105,443.5132067,Buy
2022-08-01,453.45,60.06773672,8.787289674,431.2307096,421.7960932,436.8611209,444.9327486,Buy
2022-08-02,486.237,71.21798161,11.37421552,433.387819,422.4372963,440.5185934,450.8333559,Buy
2022-08-03,477.344,65.84729611,12.56197548,435.1115908,422.9836316,443.2464013,454.6205908,Buy
2022-08-04,467.322,60.32606593,12.54992445,436.3747441,423.4248094,445.029779,456.4350778,Buy
2022-08-05,472.501,62.09484029,12.81060328,437.79146,423.9131297,447.0646842,458.7302096,Buy
2022-08-08,465.414,58.26669215,12.30350432,438.8746969,424.3260737,448.4238928,459.6850368,Buy
2022-08-10,467.138,58.93000345,11.90352075,439.9830617,424.752063,449.810123,460.7497458,Buy
2022-08-11,472.772,61.10563592,11.90392655,441.2689024,425.2298733,451.5110028,462.4672107,Buy
2022-08-12,475.175,62.02954301,11.96027951,442.5985533,425.7268398,453.2638914,464.2826092,Buy
2022-08-16,476.01,62.36409329,11.93474089,443.9088061,426.2271697,454.9487884,465.9579507,Buy
2022-08-17,496.107,69.36117726,13.38190305,445.9557941,426.9224914,457.9975448,470.2649578,Buy
2022-08-18,481.404,60.49932261,13.19033035,447.3459198,427.464596,459.7313563,471.8562495,Buy
2022-08-19,482.01,60.72206769,12.9382625,448.7052955,428.0073363,461.3816262,473.3067853,Buy
2022-08-22,480.953,60.08562222,12.50900977,449.9699114,428.5341589,462.8313576,474.3991017,Buy
2022-08-23,453.786,46.57395001,9.862979741,450.1195619,428.785421,462.1613311,471.4543729,Buy
2022-08-24,464.438,51.20703148,8.527212856,450.6810693,429.140173,462.3299732,470.4520339,Buy
2022-08-25,464.196,51.09861511,7.364190791,451.2110666,429.4889872,462.4681974,469.5583148,Buy
2022-08-26,459.906,49.11346884,6.026846542,451.5520444,429.791644,462.278405,468.1794126,Buy
2022-08-29,463.306,50.74661762,5.181612769,452.0129838,430.1251202,462.3545232,467.4832108,Buy
2022-08-30,451.355,45.24936828,3.506986733,451.9871805,430.3363628,461.5397437,465.1791807,Buy
2022-09-01,469.038,53.30888442,3.565601813,452.6558401,430.7214537,462.0951701,465.7304406,Buy
2022-09-02,463.271,50.68825356,3.110846086,453.0721209,431.0453298,462.1822686,465.379092,Buy
2022-09-05,467.523,52.54074069,3.058295632,453.638822,431.4082917,462.5778783,465.6853645,Buy
2022-09-06,457.053,47.78085182,2.147057577,453.7727114,431.6634629,462.1686281,464.4521696,Buy
2022-09-07,455.113,46.93242699,1.2538989,453.8252717,431.8967916,461.645989,463.1180025,Buy
2022-09-08,444.56,42.51047218,-0.301993497,453.4619277,432.0227937,460.3803602,460.4668593,Buy
2022-09-09,442.472,41.6738221,-1.684120094,453.0309501,432.1267659,459.053815,457.8961651,Sell
2022-09-12,444.27,42.71926517,-2.604360361,452.6873835,432.2475941,457.9587176,455.9495701,Sell
2022-09-13,458.461,50.29227851,-2.163621421,452.9137998,432.508424,457.9959237,456.3083458,Sell
2022-09-14,461.115,51.58154783,-1.58194138,453.2354155,432.7930666,458.2269664,456.9950107,Sell
2022-09-15,455.708,48.80427957,-1.539508968,453.3323796,433.0210759,458.0403763,456.811152,Sell
2022-09-16,444.834,43.70748721,-2.356161534,452.9991098,433.1386174,457.0621262,455.1001303,Sell
2022-09-19,432.607,38.80073372,-3.944511419,452.1994192,433.1333277,455.2506353,451.886826,Sell
2022-09-20,429.145,37.51647575,-5.420164333,451.2953244,433.0936428,453.3168846,448.6379937,Sell
2022-09-21,433.432,40.15785398,-6.172551495,450.5948018,433.0970096,451.8439302,446.4657089,Sell
2022-09-22,429.9,38.70608917,-6.973441135,449.783241,433.0651985,450.2184538,444.099179,Sell
2022-09-23,428.68,38.19248621,-7.618771296,448.9556629,433.0215647,448.6230128,441.8964392,Sell
2022-09-26,420.354,34.79878527,-8.70173058,447.8340291,432.8955193,446.5290119,438.8189479,Sell
2022-09-27,399.772,28.14172852,-11.09290688,445.9492436,432.565932,443.0655295,433.2408125,Sell
2022-09-28,401.167,29.13129279,-12.72863866,444.1930772,432.2535048,439.9619347,428.6588392,Sell
2022-09-29,396.138,27.65286705,-14.26631298,442.3085644,431.8941466,436.7157173,424.0130051,Sell
2022-09-30,394.14,27.06517592,-15.46784912,440.4196011,431.5184834,433.5619605,419.7454329,Sell
2022-10-03,398.235,30.33314749,-15.90628513,438.765303,431.1873045,430.9451486,416.6725139,Sell
2022-10-04,404.261,34.95203068,-15.58781437,437.4121931,430.9193811,428.968545,414.8994405,Sell
2022-10-06,407.554,37.39472435,-14.89797188,436.2412835,430.6868897,427.3822824,413.8500919,Sell
2022-10-07,411.113,40.01645652,-13.9038107,435.2558606,430.4921246,426.1771504,413.4590787,Sell
2022-10-10,410.441,39.67857887,-13.02006834,434.2827288,430.292611,425.0115096,413.0279246,Sell
2022-10-11,403.469,36.25801537,-12.7354717,433.0743473,430.0257094,423.4157682,411.662364,Sell
2022-10-12,395.687,32.85359644,-12.98814987,431.6081768,429.6840307,421.3617853,409.3801691,Sell
2022-10-13,402.019,37.95815332,-12.53298718,430.447817,429.4087567,419.9289864,408.3285735,Sell
2022-10-14,394.495,34.59292072,-12.6337573,429.0379026,429.0613562,418.0449874,406.3523487,Sell
2022-10-17,403.001,40.96499581,-11.8901925,428.0168476,428.8020491,416.930618,405.8735846,Sell
2022-10-18,401.278,40.1125227,-11.309574,426.9682653,428.528178,415.7711648,405.2170725,Sell
2022-10-19,400.882,39.90697568,-10.75737918,425.9452745,428.2530916,414.6682637,404.5977765,Sell
2022-10-20,402.319,41.0867274,-10.08752422,425.0187539,427.995041,413.7535034,404.272237,Sell
2022-10-21,406.388,44.41442797,-9.123158946,424.2881361,427.7800455,413.2079106,404.5744888,Sell
2022-10-24,403.121,42.34623061,-8.524249867,423.4580524,427.5346819,412.460732,404.3668476,Sell
2022-10-25,400.57,40.75054498,-8.161375235,422.5604817,427.2663766,411.5799371,403.8244408,Sell
2022-10-27,405.412,44.98785432,-7.397808212,421.8879922,427.0489201,411.1230528,404.051235,Sell
2022-10-28,406.84,46.20964918,-6.601351904,421.2978749,426.8478364,410.8057897,404.44963,Sell
2022-10-31,407.231,46.55962852,-5.870927709,420.7462327,426.652644,410.5409904,404.8469685,Sell
2022-11-01,411.108,50.03130889,-4.922476529,420.3682628,426.4979709,410.5829911,405.7414016,Sell
2022-11-02,421.943,58.20333419,-3.258960914,420.4300172,426.4526478,411.4244733,408.0559157,Sell
2022-11-03,422.885,58.83368226,-1.84335226,420.526291,426.4171488,412.2734012,410.1743563,Sell
2022-11-04,416.635,53.11055479,-1.211825796,420.3736914,426.319814,412.5964826,411.0973054,Sell
2022-11-07,425.159,58.97236766,-0.023252916,420.5613506,426.3082636,413.5270394,413.1061189,Sell
2022-11-09,438.015,65.89699771,1.933780001,421.2458074,426.4247485,415.3409624,416.6645305,Sell
2022-11-10,430.351,59.45470216,2.8336573,421.6028738,426.4638157,416.4528171,418.6197404,Buy
2022-11-11,397.143,40.82891126,0.857325756,420.643663,426.1720663,415.0224602,415.5516346,Buy
2022-11-14,421.076,52.40215092,1.208332942,420.6606174,426.1213592,415.4708706,416.3408297,Buy
2022-11-15,435.014,57.60293883,2.581431645,421.2234952,426.2098432,416.9185098,419.0084255,Buy
2022-11-16,435.073,57.62404636,3.632509754,421.766613,426.2980338,418.2632869,421.3033647,Buy
2022-11-17,432.318,56.21663548,4.194835798,422.1803929,426.3579339,419.3043767,422.876884,Buy
2022-11-18,420.129,50.35654602,3.615258358,422.0999461,426.2959545,419.3654599,422.4843291,Buy
2022-11-21,418.714,49.70873968,3.007096451,421.9671639,426.2205122,419.3172036,421.9457107,Buy
2022-11-22,419.913,50.29226627,2.591994143,421.8866085,426.1577509,419.3613367,421.6553235,Buy
2022-11-23,430.644,55.29212624,3.09326733,422.2300356,426.2023901,420.1970895,422.9394201,Buy
2022-11-24,421.927,50.82032161,2.755378604,422.2181518,426.159849,420.3252311,422.7947887,Buy
2022-11-25,421.033,50.37038641,2.387934404,422.1716753,426.1088355,420.3776584,422.5431046,Buy
2022-11-28,430.629,54.97798746,2.838330721,422.5033351,426.1538123,421.137017,423.6982325,Buy
2022-11-29,429.967,54.60137905,3.106050563,422.7960278,426.1917545,421.7910898,424.5937707,Buy
2022-11-30,432.508,55.85149009,3.483106843,423.1768895,426.2546027,422.584935,425.7243749,Buy
2022-12-01,435.472,57.32757543,3.975272226,423.6590507,426.3463181,423.5395324,427.1168928,Buy
2022-12-02,433.726,56.13689685,4.176287587,424.053833,426.4197477,424.2940856,428.0610509,Buy
2022-12-05,433.124,55.70728142,4.238162441,424.4095258,426.4864567,424.9481533,428.7843294,Buy
2022-12-06,430.701,53.91868497,4.045053994,424.6562503,426.5283925,425.3742901,429.0581395,Buy
2022-12-07,430.596,53.83801535,3.839284652,424.8891817,426.5688662,425.7610834,429.2778338,Buy
2022-12-08,419.052,45.73619749,2.713427936,424.6602726,426.4940715,425.2641143,427.8170004,Buy
2022-12-09,417.652,44.85462692,1.688743295,424.3854384,426.4060907,424.700254,426.3648575,Buy
2022-12-12,411.335,41.01323531,0.362762528,423.8736565,426.2561296,423.7102352,424.217735,Buy
2022-12-13,410.309,40.40793739,-0.762091492,423.3417092,426.0974517,422.7175511,422.2307729,Sell
2022-12-14,421.216,49.02136474,-0.7646285,423.258348,426.04888,422.6063251,422.0858053,Sell
2022-12-15,419.09,47.57780549,-0.92749791,423.0948834,425.9796374,422.3458565,421.6578331,Sell
2022-12-16,417.659,46.58344944,-1.158686219,422.8817115,425.896845,421.998682,421.0865712,Sell
2022-12-19,424.596,51.83825302,-0.773233341,422.9489385,425.8839013,422.1910759,421.5879182,Sell
2022-12-20,418.031,47.11454181,-0.986132273,422.7560782,425.805763,421.8829221,421.079787,Sell
2022-12-21,407.166,40.53177737,-2.008419103,422.1447025,425.6202927,420.7927798,419.0921032,Sell
2022-12-22,400.229,36.97924511,-3.339847028,421.2852632,425.367643,419.2695368,416.3973742,Sell
2022-12-23,394.141,34.1502999,-4.830580052,420.2207823,425.0569301,417.4081637,413.2178921,Sell
2022-12-26,375.841,27.37183267,-7.403312991,418.4803987,424.5672194,414.3291146,407.8783361,Sell
2022-12-27,386.276,35.26258447,-8.502197054,417.2174811,424.1862122,412.2511061,404.7922881,Sell
2022-12-28,392.246,39.32416984,-8.790015655,416.2382073,423.8683992,410.7692464,402.9999612,Sell
2022-12-29,391.352,38.93027924,-8.98665968,415.2622776,423.5448529,409.3309318,401.3359668,Sell
2022-12-30,382.595,35.20992984,-9.736877538,413.9812079,423.1373917,407.3504924,398.6586858,Sell
2023-01-02,388.027,39.09785498,-9.780371557,412.9633958,422.7880346,405.9191226,397.1398735,Sell
2023-01-03,392.09,41.90595644,-9.378876882,412.1448313,422.4825815,404.8947432,396.418463,Sell
2023-01-04,392.711,42.34353664,-8.907895278,411.3827203,422.1863468,403.9922437,395.8888255,Sell
2023-01-05,383.575,37.82912154,-9.166175841,410.2922214,421.8021543,402.4798552,394.1297075,Sell
2023-01-06,387.732,40.9158199,-8.932462028,409.4075069,421.4631478,401.3874215,393.2157493,Sell
2023-01-09,394.805,45.84270537,-8.083330555,408.8348595,421.1978926,400.8998347,393.4427851,Sell
2023-01-10,390.757,43.60178192,-7.648856262,408.1259239,420.8949982,400.1485137,393.0591015,Sell
2023-01-11,406.982,53.42845135,-5.926987726,408.0810641,420.7565604,400.6546978,395.048087,Sell
2023-01-12,430.14,63.26641667,-2.663039584,408.9461204,420.8499279,402.8387943,400.0612175,Sell
2023-01-13,411.231,53.35545819,-1.583877482,409.0357235,420.7542172,403.4604392,401.6569007,Sell
2023-01-16,409.233,52.42100116,-0.879714839,409.0434599,420.6395782,403.8880363,402.7392006,Sell
2023-01-17,411.874,53.57833537,-0.107317158,409.1544614,420.5523585,404.4795891,404.0441719,Sell
2023-01-18,415.4,55.14701213,0.780337062,409.3993845,420.5010913,405.2885084,405.6664331,Buy
2023-01-19,404.455,49.54978804,0.593794504,409.2054871,420.3414287,405.2267671,405.4933712,Buy
2023-01-20,401.853,48.29483464,0.233309087,408.9171543,420.1574642,404.9768584,404.9733182,Sell
2023-01-23,408.143,51.49311977,0.449985081,408.8867953,420.0379173,405.2113874,405.4261299,Buy
2023-01-24,406.175,50.44180445,0.457625987,408.7804504,419.8999778,405.2827661,405.5331113,Buy
2023-01-25,424.262,58.77274981,1.901234948,409.38757,419.9433811,406.6886353,408.2086668,Buy
2023-01-27,418.31,55.46826004,2.535797695,409.7374692,419.9271285,407.5494771,409.6517144,Buy
2023-01-30,445.561,65.13399345,5.177933208,411.1423135,420.1821919,410.3651455,414.7816124,Sell
2023-01-31,443.994,64.27012909,7.063971763,412.430615,420.4191253,412.8561718,418.9548106,Sell
2023-02-01,452.943,66.96479571,9.175016538,414.0193359,420.742746,415.8255664,423.8102662,Sell
2023-02-02,441.212,60.52122612,9.788604135,415.0857149,420.9464201,417.706043,426.2962282,Sell
2023-02-03,441.752,60.70864803,10.20086104,416.1314516,421.1534408,419.487225,428.5041956,Sell
2023-02-06,442.549,61.00291269,10.47118356,417.1674339,421.366332,421.1955046,430.5105962,Sell
2023-02-07,441.179,60.16873428,10.45435723,418.1090639,421.5634729,422.6757635,432.0346539,Sell
2023-02-08,431.307,54.39644417,9.53452626,418.62663,421.6604235,423.3151144,431.9307034,Buy
2023-02-09,432.217,54.82665413,8.777797995,419.1595857,421.765464,423.9745133,431.9716029,Buy
2023-02-10,430.805,53.97579282,7.972249662,419.6162686,421.8554097,424.4804753,431.8049453,Buy
2023-02-13,446.54,61.20175726,8.505483878,420.6721012,422.1010275,426.1145142,433.9099531,Sell
2023-02-14,440.973,57.74729609,8.382240214,421.4682149,422.2888083,427.2151427,434.9189598,Buy
2023-02-15,436.206,54.89023124,7.809884178,422.0461673,422.4272878,427.8811322,435.1028227,Buy
2023-02-16,444.634,58.77375758,7.944774644,422.9319646,422.6482501,429.1220853,436.4644195,Buy
2023-02-17,443.369,57.9671024,7.859007634,423.733417,422.8544267,430.1774124,437.4507881,Buy
2023-02-20,430.846,50.56794429,6.703264163,424.0123418,422.9339449,430.2269374,436.507247,Buy
2023-02-21,442.983,56.37934182,6.689570399,424.7562892,423.133438,431.1718309,437.4323545,Buy
2023-02-22,430.716,49.98333603,5.624043144,424.9900034,423.2088863,431.1380656,436.4728753,Buy
2023-02-23,432.899,51.04763245,4.899279133,425.3001601,423.3053054,431.2685052,435.9623217,Buy
2023-02-24,429.501,49.28948036,4.004546314,425.4648989,423.3669541,431.1375789,435.0392757,Buy
2023-02-27,432.07,50.67270758,3.462843435,425.7239225,423.4535516,431.2066471,434.6150935,Buy
2023-02-28,413.124,41.64980016,1.487607921,425.2298079,423.3507699,429.8671918,431.5449373,Buy
2023-03-01,419.157,45.0077511,0.404370889,424.9916585,423.3090409,429.0738443,429.775232,Buy
2023-03-02,431.023,50.98273546,0.49764819,425.2281817,423.3857967,429.2182262,429.9534845,Buy
2023-03-03,421.717,46.69752151,-0.177301482,425.0904883,423.3691918,428.6625798,428.7768439,Buy
2023-03-06,432.824,51.89462525,0.181940815,425.3937633,423.4632695,428.9708331,429.355009,Buy
2023-03-08,433.395,52.1529069,0.506874913,425.7075373,423.5620926,429.2985492,429.9321506,Buy
2023-03-09,438.65,54.57037317,1.174878836,426.2150848,423.7122211,429.9912493,431.1775577,Buy
2023-03-10,430.923,50.52779793,1.068455941,426.399709,423.7839701,430.0602678,431.1411923,Buy
2023-03-13,436.726,53.32431959,1.435817422,426.8046616,423.9127465,430.5540258,431.939022,Buy
2023-03-14,416.338,43.92893864,0.080880493,426.3942042,423.8373759,429.5009868,429.7103045,Buy
2023-03-15,414.075,43.02282513,-1.162125711,425.9110982,423.7402379,428.3583211,427.4766896,Sell
2023-03-16,410.033,41.3809912,-2.44518612,425.2884277,423.6038474,427.0008899,424.9847339,Sell
2023-03-17,417.004,45.26081568,-2.866476341,424.9635482,423.5381773,426.2603796,423.8446291,Sell
2023-03-20,420.879,47.34702477,-2.854763821,424.8033698,423.5117178,425.8617589,423.4209678,Sell
2023-03-21,408.976,42.04606749,-3.76258149,424.1826886,423.3670838,424.6109619,421.357401,Sell
2023-03-22,410.799,43.09685,-4.285531727,423.6578381,423.2420283,423.5878536,419.849058,Sell
2023-03-23,417.341,46.82301588,-4.124543659,423.410119,423.1833116,423.1251237,419.490764,Sell
2023-03-24,421.41,49.05745412,-3.626817467,423.3316829,423.1656667,422.9980775,419.7649406,Sell
